-- phpMyAdmin SQL Dump
-- version 4.7.7
-- https://www.phpmyadmin.net/
--
-- Host: 127.0.0.1
-- Generation Time: Mar 27, 2018 at 02:15 AM
-- Server version: 10.1.30-MariaDB
-- PHP Version: 7.2.2

SET SQL_MODE = "NO_AUTO_VALUE_ON_ZERO";
SET AUTOCOMMIT = 0;
START TRANSACTION;
SET time_zone = "+00:00";


/*!40101 SET @OLD_CHARACTER_SET_CLIENT=@@CHARACTER_SET_CLIENT */;
/*!40101 SET @OLD_CHARACTER_SET_RESULTS=@@CHARACTER_SET_RESULTS */;
/*!40101 SET @OLD_COLLATION_CONNECTION=@@COLLATION_CONNECTION */;
/*!40101 SET NAMES utf8mb4 */;

--
-- Database: `moon-api`
--

-- --------------------------------------------------------

--
-- Table structure for table `migrations`
--

CREATE TABLE `migrations` (
  `id` int(10) UNSIGNED NOT NULL,
  `migration` varchar(191) COLLATE utf8mb4_unicode_ci NOT NULL,
  `batch` int(11) NOT NULL
) ENGINE=InnoDB DEFAULT CHARSET=utf8mb4 COLLATE=utf8mb4_unicode_ci;

--
-- Dumping data for table `migrations`
--

INSERT INTO `migrations` (`id`, `migration`, `batch`) VALUES
(10, '2014_10_12_000000_create_users_table', 1),
(11, '2014_10_12_100000_create_password_resets_table', 1),
(12, '2016_06_01_000001_create_oauth_auth_codes_table', 1),
(13, '2016_06_01_000002_create_oauth_access_tokens_table', 1),
(14, '2016_06_01_000003_create_oauth_refresh_tokens_table', 1),
(15, '2016_06_01_000004_create_oauth_clients_table', 1),
(16, '2016_06_01_000005_create_oauth_personal_access_clients_table', 1),
(17, '2018_03_23_203452_create_products_table', 1),
(18, '2018_03_23_203816_create_reviews_table', 1);

-- --------------------------------------------------------

--
-- Table structure for table `oauth_access_tokens`
--

CREATE TABLE `oauth_access_tokens` (
  `id` varchar(100) COLLATE utf8mb4_unicode_ci NOT NULL,
  `user_id` int(11) DEFAULT NULL,
  `client_id` int(11) NOT NULL,
  `name` varchar(191) COLLATE utf8mb4_unicode_ci DEFAULT NULL,
  `scopes` text COLLATE utf8mb4_unicode_ci,
  `revoked` tinyint(1) NOT NULL,
  `created_at` timestamp NULL DEFAULT NULL,
  `updated_at` timestamp NULL DEFAULT NULL,
  `expires_at` datetime DEFAULT NULL
) ENGINE=InnoDB DEFAULT CHARSET=utf8mb4 COLLATE=utf8mb4_unicode_ci;

-- --------------------------------------------------------

--
-- Table structure for table `oauth_auth_codes`
--

CREATE TABLE `oauth_auth_codes` (
  `id` varchar(100) COLLATE utf8mb4_unicode_ci NOT NULL,
  `user_id` int(11) NOT NULL,
  `client_id` int(11) NOT NULL,
  `scopes` text COLLATE utf8mb4_unicode_ci,
  `revoked` tinyint(1) NOT NULL,
  `expires_at` datetime DEFAULT NULL
) ENGINE=InnoDB DEFAULT CHARSET=utf8mb4 COLLATE=utf8mb4_unicode_ci;

-- --------------------------------------------------------

--
-- Table structure for table `oauth_clients`
--

CREATE TABLE `oauth_clients` (
  `id` int(10) UNSIGNED NOT NULL,
  `user_id` int(11) DEFAULT NULL,
  `name` varchar(191) COLLATE utf8mb4_unicode_ci NOT NULL,
  `secret` varchar(100) COLLATE utf8mb4_unicode_ci NOT NULL,
  `redirect` text COLLATE utf8mb4_unicode_ci NOT NULL,
  `personal_access_client` tinyint(1) NOT NULL,
  `password_client` tinyint(1) NOT NULL,
  `revoked` tinyint(1) NOT NULL,
  `created_at` timestamp NULL DEFAULT NULL,
  `updated_at` timestamp NULL DEFAULT NULL
) ENGINE=InnoDB DEFAULT CHARSET=utf8mb4 COLLATE=utf8mb4_unicode_ci;

-- --------------------------------------------------------

--
-- Table structure for table `oauth_personal_access_clients`
--

CREATE TABLE `oauth_personal_access_clients` (
  `id` int(10) UNSIGNED NOT NULL,
  `client_id` int(11) NOT NULL,
  `created_at` timestamp NULL DEFAULT NULL,
  `updated_at` timestamp NULL DEFAULT NULL
) ENGINE=InnoDB DEFAULT CHARSET=utf8mb4 COLLATE=utf8mb4_unicode_ci;

-- --------------------------------------------------------

--
-- Table structure for table `oauth_refresh_tokens`
--

CREATE TABLE `oauth_refresh_tokens` (
  `id` varchar(100) COLLATE utf8mb4_unicode_ci NOT NULL,
  `access_token_id` varchar(100) COLLATE utf8mb4_unicode_ci NOT NULL,
  `revoked` tinyint(1) NOT NULL,
  `expires_at` datetime DEFAULT NULL
) ENGINE=InnoDB DEFAULT CHARSET=utf8mb4 COLLATE=utf8mb4_unicode_ci;

-- --------------------------------------------------------

--
-- Table structure for table `password_resets`
--

CREATE TABLE `password_resets` (
  `email` varchar(191) COLLATE utf8mb4_unicode_ci NOT NULL,
  `token` varchar(191) COLLATE utf8mb4_unicode_ci NOT NULL,
  `created_at` timestamp NULL DEFAULT NULL
) ENGINE=InnoDB DEFAULT CHARSET=utf8mb4 COLLATE=utf8mb4_unicode_ci;

-- --------------------------------------------------------

--
-- Table structure for table `products`
--

CREATE TABLE `products` (
  `id` int(10) UNSIGNED NOT NULL,
  `name` varchar(191) COLLATE utf8mb4_unicode_ci NOT NULL,
  `detail` text COLLATE utf8mb4_unicode_ci NOT NULL,
  `price` int(11) NOT NULL,
  `stock` int(11) NOT NULL,
  `discount` int(11) NOT NULL,
  `user_id` int(10) UNSIGNED NOT NULL,
  `created_at` timestamp NULL DEFAULT NULL,
  `updated_at` timestamp NULL DEFAULT NULL
) ENGINE=InnoDB DEFAULT CHARSET=utf8mb4 COLLATE=utf8mb4_unicode_ci;

--
-- Dumping data for table `products`
--

INSERT INTO `products` (`id`, `name`, `detail`, `price`, `stock`, `discount`, `user_id`, `created_at`, `updated_at`) VALUES
(1, 'aut', 'Aut ratione non veritatis et ut. Maxime fuga at et ut qui. Voluptate praesentium voluptates voluptas quod dolor sit. Et et sint qui et esse aut. Corporis enim exercitationem harum distinctio aut.', 684, 4, 16, 1, '2018-03-26 11:50:03', '2018-03-26 11:50:03'),
(2, 'dolor', 'Aut qui quis voluptate velit. Placeat quo possimus autem ut sequi minima beatae voluptatem. Non numquam voluptate error adipisci.', 643, 3, 3, 9, '2018-03-26 11:50:03', '2018-03-26 11:50:03'),
(3, 'maiores', 'Quaerat eius quis id quam. Quod rem corporis mollitia ratione. Ea quo vel eius et dolorum eaque velit. Et sit in libero. Quidem nihil fuga ut ut eos doloremque.', 315, 8, 11, 6, '2018-03-26 11:50:03', '2018-03-26 11:50:03'),
(4, 'enim', 'Magni ut cupiditate voluptas quas maxime quia. Et sunt temporibus quos in repellat.', 653, 7, 18, 4, '2018-03-26 11:50:03', '2018-03-26 11:50:03'),
(5, 'et', 'Est incidunt velit quia et ab. Minima saepe molestias et et et reprehenderit fugiat. Velit aut itaque voluptatem tempore et necessitatibus enim. Vero dolorem cumque quo.', 497, 8, 16, 9, '2018-03-26 11:50:03', '2018-03-26 11:50:03'),
(6, 'corrupti', 'Illum et velit nihil. Aut veritatis qui sit eveniet perferendis. Vero ea dolores perspiciatis officiis similique.', 633, 5, 2, 5, '2018-03-26 11:50:03', '2018-03-26 11:50:03'),
(7, 'qui', 'Quo occaecati a aut repellat tempora. Possimus temporibus nemo eligendi. Odit voluptas voluptates atque a. Molestiae consequatur qui quisquam non quibusdam nesciunt dolores.', 932, 9, 2, 6, '2018-03-26 11:50:03', '2018-03-26 11:50:03'),
(8, 'rerum', 'Cupiditate sit dignissimos recusandae id. Modi quia doloribus illo soluta omnis accusamus doloribus.', 763, 1, 7, 9, '2018-03-26 11:50:03', '2018-03-26 11:50:03'),
(9, 'eos', 'Placeat id expedita voluptates eveniet rem cum minus ut. Aperiam eligendi facere assumenda sint quia asperiores est. Quia consequatur qui necessitatibus voluptate distinctio fugiat. Voluptate et culpa voluptatem assumenda praesentium voluptatibus quae.', 537, 7, 13, 8, '2018-03-26 11:50:04', '2018-03-26 11:50:04'),
(10, 'ab', 'Quidem soluta a atque quibusdam. Illo ut omnis quis dolores voluptas aut alias quibusdam. Quisquam perferendis illo qui natus. Doloremque vel tempore ut consectetur similique non. Ipsam corrupti veritatis et voluptatem saepe sed dolorum quia.', 165, 9, 16, 5, '2018-03-26 11:50:04', '2018-03-26 11:50:04'),
(11, 'adipisci', 'Et amet earum ea et ipsa assumenda perspiciatis. Et veritatis suscipit sint alias quae. Error accusamus suscipit odit numquam. Adipisci autem eum accusamus sunt.', 178, 7, 16, 6, '2018-03-26 11:50:04', '2018-03-26 11:50:04'),
(12, 'eveniet', 'Eos consequuntur et vero non omnis. Sapiente aut delectus impedit aut doloribus tempore.', 893, 7, 22, 2, '2018-03-26 11:50:04', '2018-03-26 11:50:04'),
(13, 'cupiditate', 'Iusto occaecati cumque quis suscipit. Qui repudiandae ea nihil dolorum enim. Sunt at voluptas est odit repudiandae. Voluptatem distinctio et dolorem alias officia.', 475, 7, 7, 9, '2018-03-26 11:50:04', '2018-03-26 11:50:04'),
(14, 'dicta', 'Quis amet et placeat error enim. Maiores nam tenetur rerum qui. Et perspiciatis nihil qui doloremque quibusdam voluptas et.', 920, 1, 22, 9, '2018-03-26 11:50:04', '2018-03-26 11:50:04'),
(15, 'et', 'Non occaecati sunt molestiae saepe illo cumque. Eos perferendis mollitia eaque qui expedita aliquam fugiat. Sit aut molestiae molestiae hic non. Asperiores dolores et et veniam et architecto. Aut exercitationem sapiente pariatur deleniti.', 993, 8, 27, 3, '2018-03-26 11:50:04', '2018-03-26 11:50:04'),
(16, 'repudiandae', 'Ipsa beatae dignissimos incidunt. In quia mollitia similique ut at. Natus et delectus est rerum quae sunt aut eveniet.', 251, 5, 10, 3, '2018-03-26 11:50:04', '2018-03-26 11:50:04'),
(17, 'quos', 'Adipisci tenetur hic molestiae ea. Amet et odio ab autem possimus voluptas ut. Consequatur deleniti laboriosam incidunt vero. Earum qui facere perferendis quos.', 771, 0, 8, 5, '2018-03-26 11:50:04', '2018-03-26 11:50:04'),
(18, 'alias', 'Illo cum quas ducimus. Accusantium dolore omnis sed odio dolorem cumque maxime. Autem aut perferendis quidem repellendus. Et commodi architecto rerum voluptates at officiis quos ea.', 532, 1, 14, 1, '2018-03-26 11:50:04', '2018-03-26 11:50:04'),
(19, 'nostrum', 'Est est quibusdam earum sit. Excepturi quia voluptate numquam dolor nihil. Quia et quis quis minima amet velit.', 441, 7, 5, 8, '2018-03-26 11:50:04', '2018-03-26 11:50:04'),
(20, 'molestiae', 'Voluptatibus illo sunt dolor ut qui. Aut nesciunt similique molestiae. Quidem quos magni eos at voluptatem facere id cupiditate. Totam et rerum non voluptatem.', 192, 7, 16, 1, '2018-03-26 11:50:04', '2018-03-26 11:50:04'),
(21, 'rerum', 'Est repudiandae ipsum excepturi aut aut. Libero esse porro aut unde illo est. Provident et et voluptas qui. Debitis occaecati rerum sequi quia optio voluptas. Earum quaerat tempora vero facilis sed est voluptatem.', 778, 7, 11, 4, '2018-03-26 11:50:04', '2018-03-26 11:50:04'),
(22, 'in', 'Corporis laudantium repellendus et deleniti. Ipsa eveniet quasi reprehenderit. Vitae natus magni quam alias facilis aspernatur enim culpa. Esse aliquid doloribus quis debitis consectetur maiores.', 807, 7, 26, 3, '2018-03-26 11:50:04', '2018-03-26 11:50:04'),
(23, 'sed', 'Cum aut praesentium aut voluptatem officiis et aut. Qui error ab sunt similique et suscipit laboriosam. Possimus voluptatem consequatur recusandae omnis. Sit quos dolorem iusto in sequi sint. Omnis ipsa quia asperiores magni sint doloribus.', 155, 0, 21, 6, '2018-03-26 11:50:04', '2018-03-26 11:50:04'),
(24, 'porro', 'Reprehenderit aperiam odio ea qui nobis. Id pariatur laboriosam optio voluptatem aut. Unde quaerat aut eveniet ea. Quas autem eligendi non sunt voluptatem tenetur ullam.', 857, 2, 17, 8, '2018-03-26 11:50:04', '2018-03-26 11:50:04'),
(25, 'laborum', 'Blanditiis beatae repellat qui. Et aut illum aliquid tenetur aperiam voluptatem voluptatum.', 961, 9, 3, 10, '2018-03-26 11:50:04', '2018-03-26 11:50:04'),
(26, 'pariatur', 'Voluptatem ullam alias ut. Eum neque dolores suscipit omnis provident animi consequatur. Expedita est ut doloribus. Qui sequi nobis voluptatibus fugit ea dolorem. Maxime ut aliquam nostrum aut dolorem corrupti nostrum.', 789, 8, 18, 7, '2018-03-26 11:50:04', '2018-03-26 11:50:04'),
(27, 'iusto', 'Rem voluptas eius ab qui. Aut possimus sed qui voluptates aspernatur voluptatem.', 611, 0, 17, 10, '2018-03-26 11:50:04', '2018-03-26 11:50:04'),
(28, 'ab', 'Illum eligendi eum expedita quod tempora incidunt et. Sint quaerat possimus nobis rerum facere. Quasi dolorem ut nostrum repudiandae minus voluptatem.', 612, 0, 9, 7, '2018-03-26 11:50:04', '2018-03-26 11:50:04'),
(29, 'iure', 'Fugit iusto hic laudantium neque. Error atque sint enim commodi illo porro. Magni possimus ut impedit fuga dolore.', 880, 1, 7, 6, '2018-03-26 11:50:04', '2018-03-26 11:50:04'),
(30, 'cumque', 'Dolorum ab qui consequatur aspernatur minus quibusdam. Tempore aspernatur repellendus fugit. Velit repudiandae sit ea aliquid tempora iste.', 314, 1, 28, 10, '2018-03-26 11:50:04', '2018-03-26 11:50:04'),
(31, 'qui', 'Cum rerum qui maxime aperiam expedita sunt quasi. Officiis doloribus quibusdam quos distinctio. Cupiditate vel iure ut iusto omnis tempore. Quia cupiditate est iusto temporibus. Atque ratione a reiciendis ut.', 811, 9, 8, 2, '2018-03-26 11:50:04', '2018-03-26 11:50:04'),
(32, 'beatae', 'Accusamus ex et doloribus autem nemo beatae. Beatae ea provident possimus laborum molestias. In adipisci asperiores dolores omnis.', 920, 8, 4, 5, '2018-03-26 11:50:04', '2018-03-26 11:50:04'),
(33, 'illo', 'Sint velit qui repellat eos nihil dolore excepturi enim. Autem eos et culpa dolore recusandae atque.', 556, 0, 6, 5, '2018-03-26 11:50:04', '2018-03-26 11:50:04'),
(34, 'et', 'Magni quidem at facilis soluta. Ratione velit omnis illo beatae libero consequatur. Dolor dolores praesentium ea totam recusandae. Qui ipsum est in sed ipsa pariatur.', 149, 4, 5, 10, '2018-03-26 11:50:04', '2018-03-26 11:50:04'),
(35, 'aspernatur', 'Consectetur recusandae consequatur non deserunt amet optio. Non ipsum accusantium nihil. Quod illo dolor aut sit. Natus porro consequatur ea et.', 352, 8, 4, 7, '2018-03-26 11:50:05', '2018-03-26 11:50:05'),
(36, 'culpa', 'Error rerum nulla laborum aut nesciunt consequatur. Provident sit et modi velit expedita. Sapiente eum deleniti repellat. Laborum rerum inventore aut nihil et similique.', 439, 5, 10, 4, '2018-03-26 11:50:05', '2018-03-26 11:50:05'),
(37, 'reprehenderit', 'Minima id tempora accusantium possimus vel. Odio voluptatibus commodi fuga. Necessitatibus alias non quaerat quam omnis. Quia fugit aut non ipsum aut.', 209, 2, 21, 6, '2018-03-26 11:50:05', '2018-03-26 11:50:05'),
(38, 'numquam', 'Non in fugit qui dicta odio commodi omnis. Aut rerum doloremque maxime. Dolores explicabo vero nostrum. Ut non ipsa aut vitae.', 939, 0, 9, 6, '2018-03-26 11:50:05', '2018-03-26 11:50:05'),
(39, 'molestiae', 'Ut ratione et assumenda a inventore voluptatem autem. Harum in totam provident qui blanditiis voluptas. Alias et accusamus accusantium animi alias. Non est dignissimos omnis nemo quos soluta quo. Ut laboriosam libero consequatur quibusdam ratione eaque quisquam.', 498, 9, 26, 1, '2018-03-26 11:50:05', '2018-03-26 11:50:05'),
(40, 'vero', 'Sed accusamus itaque repellat qui. Voluptatibus laudantium ullam laudantium eius. Autem mollitia voluptas repellendus qui.', 269, 2, 23, 6, '2018-03-26 11:50:05', '2018-03-26 11:50:05'),
(41, 'minima', 'Pariatur rerum inventore ipsam ut explicabo. Adipisci molestiae deleniti placeat id recusandae consequuntur enim.', 764, 3, 19, 5, '2018-03-26 11:50:05', '2018-03-26 11:50:05'),
(42, 'sint', 'Pariatur dicta modi repellat cumque qui assumenda. Et vel harum et ab non. Est eveniet in consequatur voluptatem nemo architecto et.', 490, 5, 22, 6, '2018-03-26 11:50:05', '2018-03-26 11:50:05'),
(43, 'rem', 'Totam iste omnis quia at earum quae eum velit. Voluptates enim assumenda hic delectus exercitationem. Rerum sed quas error distinctio veniam sint.', 676, 3, 20, 1, '2018-03-26 11:50:05', '2018-03-26 11:50:05'),
(44, 'asperiores', 'Quis consequatur impedit amet vitae inventore voluptatibus repellendus. Impedit perferendis consequatur ad quisquam. Praesentium dolore et asperiores fugiat voluptatem voluptatem sed.', 867, 0, 16, 3, '2018-03-26 11:50:05', '2018-03-26 11:50:05'),
(45, 'animi', 'Saepe est est explicabo. Dolorem deserunt vero commodi voluptatem iure dolorum ut. Autem suscipit eius est accusamus saepe.', 262, 7, 25, 8, '2018-03-26 11:50:05', '2018-03-26 11:50:05'),
(46, 'omnis', 'Tenetur sunt ut ut architecto dolores. A ipsum ut dolorem. Omnis quia laborum nesciunt cumque rerum.', 646, 8, 14, 8, '2018-03-26 11:50:05', '2018-03-26 11:50:05'),
(47, 'ipsa', 'Et vitae molestiae ducimus accusamus quia. Qui aliquam eveniet eveniet omnis earum. Magnam officia quia et omnis consequatur aut.', 748, 9, 27, 2, '2018-03-26 11:50:05', '2018-03-26 11:50:05'),
(48, 'et', 'Est sit laudantium eos officiis. Itaque reprehenderit error quis.', 155, 1, 16, 8, '2018-03-26 11:50:05', '2018-03-26 11:50:05'),
(49, 'cum', 'Odio excepturi voluptatem excepturi. Aperiam qui quam dignissimos atque. Delectus pariatur animi cum. Tempore vel voluptas accusantium odit. Aut et molestias voluptas assumenda unde mollitia vitae ea.', 906, 2, 13, 10, '2018-03-26 11:50:05', '2018-03-26 11:50:05'),
(50, 'qui', 'Dignissimos ut atque quis blanditiis. Aliquam et perspiciatis excepturi. Non ut aut ipsam quos quas ratione. Eum at dignissimos aliquid sed velit.', 336, 2, 4, 9, '2018-03-26 11:50:05', '2018-03-26 11:50:05');

-- --------------------------------------------------------

--
-- Table structure for table `reviews`
--

CREATE TABLE `reviews` (
  `id` int(10) UNSIGNED NOT NULL,
  `product_id` int(10) UNSIGNED NOT NULL,
  `customer` varchar(191) COLLATE utf8mb4_unicode_ci NOT NULL,
  `review` text COLLATE utf8mb4_unicode_ci NOT NULL,
  `star` int(11) NOT NULL,
  `created_at` timestamp NULL DEFAULT NULL,
  `updated_at` timestamp NULL DEFAULT NULL
) ENGINE=InnoDB DEFAULT CHARSET=utf8mb4 COLLATE=utf8mb4_unicode_ci;

--
-- Dumping data for table `reviews`
--

INSERT INTO `reviews` (`id`, `product_id`, `customer`, `review`, `star`, `created_at`, `updated_at`) VALUES
(1, 22, 'Mr. Eloy Abbott DDS', 'Aut sequi est rerum veniam voluptatibus eligendi. Est nesciunt voluptatibus sit aut. Laudantium est quod dicta voluptatem temporibus consectetur.', 2, '2018-03-26 11:50:06', '2018-03-26 11:50:06'),
(2, 25, 'Julia Beatty', 'Ab est tempore necessitatibus porro tempora sunt corporis consequuntur. Officia dolor magni est atque dolore dolorem. Beatae rerum error repellendus voluptatem.', 3, '2018-03-26 11:50:06', '2018-03-26 11:50:06'),
(3, 28, 'Ayana Hettinger', 'Consequuntur debitis veritatis nostrum facere. Consequuntur voluptatem consectetur ipsa et. Incidunt blanditiis modi id qui et rerum. Provident quibusdam quas ut.', 3, '2018-03-26 11:50:06', '2018-03-26 11:50:06'),
(4, 50, 'Adolph Yost III', 'Mollitia itaque quam sit quos ratione iusto. Veritatis fugit quis excepturi nisi. Iure quidem sit sit earum consectetur reprehenderit. Consequuntur nisi quas ullam est odio enim optio.', 3, '2018-03-26 11:50:06', '2018-03-26 11:50:06'),
(5, 25, 'Monique Davis', 'Sunt cum earum magni voluptate exercitationem. Et sapiente totam minus eveniet iste. Eos vitae quis provident quod nesciunt.', 5, '2018-03-26 11:50:06', '2018-03-26 11:50:06'),
(6, 18, 'Nico Koepp DDS', 'Enim placeat cupiditate perspiciatis. Repudiandae cupiditate rerum accusantium impedit culpa similique. Laboriosam ratione libero consequuntur voluptates eveniet.', 3, '2018-03-26 11:50:06', '2018-03-26 11:50:06'),
(7, 7, 'Donna Zieme', 'Vero at quisquam et enim qui tenetur qui dolorum. Dolor officia voluptas voluptatem incidunt sunt necessitatibus culpa dignissimos. Voluptate est nostrum officia voluptatem. Eius corporis labore omnis voluptatem numquam dolore.', 1, '2018-03-26 11:50:06', '2018-03-26 11:50:06'),
(8, 9, 'Neil Eichmann I', 'Amet aut quisquam omnis veniam earum quia repudiandae tempore. Tenetur repellat excepturi voluptas non. Perspiciatis ut dolorem ea vero assumenda ratione temporibus. Et doloribus ab repellat quo. Assumenda maiores rerum aut.', 3, '2018-03-26 11:50:06', '2018-03-26 11:50:06'),
(9, 50, 'Stuart Daniel', 'Impedit iure sit ea eveniet. Qui consequatur aliquam molestiae neque. Quis est quo architecto dolore voluptas incidunt quidem.', 5, '2018-03-26 11:50:06', '2018-03-26 11:50:06'),
(10, 31, 'Romaine Halvorson', 'Vel perspiciatis a voluptas sapiente fuga molestias quo. Odit ab aut ratione consequatur dolore error suscipit vel. Dolor reiciendis sit cumque. Et itaque et harum sit.', 1, '2018-03-26 11:50:06', '2018-03-26 11:50:06'),
(11, 2, 'Pat Boyer', 'Tenetur asperiores enim blanditiis distinctio. Assumenda blanditiis nihil aut in ipsam harum autem. Omnis id quia ut pariatur omnis et. Non molestiae quam et.', 2, '2018-03-26 11:50:06', '2018-03-26 11:50:06'),
(12, 49, 'Antonetta Jakubowski', 'Animi voluptates omnis eum corrupti. Ducimus est accusamus consequatur ut.', 2, '2018-03-26 11:50:06', '2018-03-26 11:50:06'),
(13, 36, 'Hunter Considine PhD', 'Magnam accusamus impedit totam repellat. Veniam cum unde iusto praesentium ut molestias. Culpa commodi molestiae neque et delectus molestias mollitia. Quibusdam explicabo quisquam id ut quo aut.', 4, '2018-03-26 11:50:06', '2018-03-26 11:50:06'),
(14, 42, 'Athena Hessel', 'Voluptatem iusto laborum voluptatibus. Reiciendis fugiat quas consequatur voluptatum eius impedit. Doloribus molestiae eos et deserunt quos quisquam nesciunt. Est rem qui dolor velit.', 5, '2018-03-26 11:50:07', '2018-03-26 11:50:07'),
(15, 35, 'Margot Schamberger', 'Dolor aut et quos aut quos consectetur in. Sed modi magni ullam. Voluptatibus qui voluptatem odit cupiditate placeat. Cum consectetur nemo suscipit vel voluptatem fugit et.', 2, '2018-03-26 11:50:07', '2018-03-26 11:50:07'),
(16, 45, 'Jermain Beer', 'Autem minima sed sit quo repellat. Amet pariatur est unde nemo.', 1, '2018-03-26 11:50:07', '2018-03-26 11:50:07'),
(17, 29, 'Lonny Predovic', 'Qui consequatur expedita non eos nobis sunt vero. Pariatur distinctio rerum consequatur maiores aut voluptatem veniam. Alias alias voluptatem excepturi itaque et eligendi dolor.', 1, '2018-03-26 11:50:07', '2018-03-26 11:50:07'),
(18, 27, 'Dion Douglas', 'Et consequatur vitae ut labore. Facere occaecati doloribus labore debitis assumenda est. Sint numquam ipsam tempora voluptas aut omnis. Enim laudantium et aut deserunt repudiandae non.', 3, '2018-03-26 11:50:07', '2018-03-26 11:50:07'),
(19, 34, 'Miss Aubrey Schumm', 'Nam ut animi eaque eaque libero. Voluptate veritatis voluptates saepe et consectetur reiciendis. Distinctio neque a aliquam asperiores quidem. Similique rem id voluptas non tempora.', 3, '2018-03-26 11:50:07', '2018-03-26 11:50:07'),
(20, 9, 'Freddie Hyatt', 'A accusamus ratione iste aut minima. Molestiae reprehenderit officia rerum. Inventore quaerat aut voluptatibus tenetur nisi dolores fuga aut. Aut officiis cumque voluptatem voluptatem vel accusamus sunt.', 3, '2018-03-26 11:50:07', '2018-03-26 11:50:07'),
(21, 7, 'Karelle Cummings', 'Minima quasi dolores consequuntur sint. Neque aut nulla est et quibusdam animi temporibus. Quis rerum eveniet debitis. Molestias vel alias nulla veritatis.', 2, '2018-03-26 11:50:07', '2018-03-26 11:50:07'),
(22, 7, 'Maryjane Balistreri Sr.', 'Consequatur hic veritatis eaque quidem ut. Est in non inventore omnis. Qui vitae eos quibusdam nobis aliquam eligendi architecto.', 1, '2018-03-26 11:50:07', '2018-03-26 11:50:07'),
(23, 20, 'Eliseo Hyatt', 'Magni nobis et maxime aliquam. Deserunt est distinctio officiis. Reiciendis perferendis ut aut ut quis vitae ducimus aut.', 3, '2018-03-26 11:50:07', '2018-03-26 11:50:07'),
(24, 1, 'Rowena Boyle', 'Pariatur corrupti quos in quis consequuntur. Minus fuga sunt qui illum. Nemo necessitatibus voluptatem velit odio et et.', 3, '2018-03-26 11:50:07', '2018-03-26 11:50:07'),
(25, 12, 'Tracey Botsford MD', 'Facilis voluptates maxime tempora velit saepe quis vel. Et consequatur magnam quia expedita iusto necessitatibus. Autem dolor aliquid quo omnis ut vel. Est aut hic voluptate sit.', 2, '2018-03-26 11:50:07', '2018-03-26 11:50:07'),
(26, 33, 'Stephen Dooley', 'Voluptas perferendis qui rem sequi totam. Voluptatem nemo veniam quisquam totam commodi nulla repudiandae. Debitis quisquam quas quidem ratione id voluptatem.', 5, '2018-03-26 11:50:07', '2018-03-26 11:50:07'),
(27, 50, 'Deonte Runolfsson', 'Et assumenda consequuntur veniam accusamus aperiam perferendis dolore. Adipisci nostrum eos voluptatem tempora. Rerum omnis dicta rerum libero.', 4, '2018-03-26 11:50:07', '2018-03-26 11:50:07'),
(28, 4, 'Prof. Neoma Hauck', 'Consequatur quia beatae porro qui quibusdam sequi. Omnis doloremque soluta laborum corporis quos aut. Dolor provident nihil officia eos dignissimos.', 1, '2018-03-26 11:50:07', '2018-03-26 11:50:07'),
(29, 25, 'Georgiana Rodriguez', 'Non incidunt in repellendus cumque. Sit quaerat molestiae quia aliquid impedit soluta. Similique autem dolores deleniti nostrum molestiae atque. Omnis unde repellat et voluptatem.', 4, '2018-03-26 11:50:07', '2018-03-26 11:50:07'),
(30, 33, 'Mylene Hagenes', 'Voluptatem corporis amet rerum voluptatibus soluta iure qui. Ut sapiente quia sint omnis qui possimus natus.', 2, '2018-03-26 11:50:07', '2018-03-26 11:50:07'),
(31, 25, 'Lessie Heller', 'Alias omnis est placeat. Quo expedita porro quo. Impedit non consectetur repellendus architecto. Enim quia ullam dolores.', 5, '2018-03-26 11:50:07', '2018-03-26 11:50:07'),
(32, 14, 'Prof. Adrienne Boyle', 'Qui et et quia aliquam cum. Est dolores dolores necessitatibus veritatis et voluptas omnis tempora. Atque debitis aperiam deserunt et.', 2, '2018-03-26 11:50:07', '2018-03-26 11:50:07'),
(33, 45, 'Prof. Casey Buckridge', 'Ut provident delectus sequi consequatur. Enim eligendi explicabo vero hic perspiciatis. Quaerat nobis molestias optio illum unde.', 2, '2018-03-26 11:50:07', '2018-03-26 11:50:07'),
(34, 50, 'Prof. Albert Kulas MD', 'Vero maxime quod inventore. Occaecati ipsa dolor dolorem asperiores. Qui totam eos et.', 0, '2018-03-26 11:50:07', '2018-03-26 11:50:07'),
(35, 13, 'Miss Giovanna Schamberger', 'Enim optio repellendus cum rerum sequi aspernatur. Id quaerat non est ut facilis officia. Facilis minima dolorum unde quibusdam ipsum sed.', 4, '2018-03-26 11:50:07', '2018-03-26 11:50:07'),
(36, 42, 'Rod McDermott', 'Harum illum fugiat nemo nemo ad repudiandae. Ducimus pariatur ducimus voluptas eveniet dignissimos. Sequi ducimus nostrum voluptatibus sit numquam sequi. Itaque harum voluptatem repellat.', 1, '2018-03-26 11:50:07', '2018-03-26 11:50:07'),
(37, 34, 'Dr. Kiana Ryan', 'Officia sed doloribus consequuntur aut perferendis quaerat. Perspiciatis et earum dolore consequatur. Nemo ut molestiae aliquid saepe eligendi et. Unde voluptatibus dolorum et itaque voluptas incidunt. Tenetur repudiandae animi velit accusamus impedit necessitatibus.', 5, '2018-03-26 11:50:07', '2018-03-26 11:50:07'),
(38, 16, 'Elna Lesch', 'Velit voluptas tempora ut suscipit. Voluptatem doloribus id recusandae excepturi quos aperiam. Suscipit ea tempora deserunt voluptas.', 0, '2018-03-26 11:50:08', '2018-03-26 11:50:08'),
(39, 22, 'Antonette Stokes', 'Eum esse adipisci ut reiciendis voluptatem. Non ullam eos dolor sed. Deleniti quidem unde beatae nulla labore quia. Facere accusantium inventore est voluptatum.', 5, '2018-03-26 11:50:08', '2018-03-26 11:50:08'),
(40, 25, 'Sandrine Little V', 'Id harum et exercitationem. Sequi sit ratione officiis doloremque asperiores et. Est voluptate autem quod laborum facilis dicta. Voluptatem dolor tenetur delectus doloribus ea.', 5, '2018-03-26 11:50:08', '2018-03-26 11:50:08'),
(41, 36, 'Roy Willms DVM', 'Repudiandae vitae est ullam qui. Vel totam eos commodi voluptas est qui. Ut consequuntur culpa voluptatem cupiditate velit optio. Rerum dolores laudantium quis nihil vero.', 1, '2018-03-26 11:50:08', '2018-03-26 11:50:08'),
(42, 19, 'Dr. Isadore Oberbrunner V', 'Dolores corporis quis porro qui recusandae. Explicabo omnis est temporibus nihil. Adipisci voluptates in praesentium. Deserunt neque sunt perferendis natus deleniti sapiente in.', 0, '2018-03-26 11:50:08', '2018-03-26 11:50:08'),
(43, 14, 'Elissa Monahan', 'Impedit nam eum cum. Recusandae nisi debitis officia consequatur. Ullam odio quas aut optio.', 3, '2018-03-26 11:50:08', '2018-03-26 11:50:08'),
(44, 24, 'Santos Schultz', 'At incidunt ipsam dolor et. Magnam dolorum eos accusantium tempore et.', 0, '2018-03-26 11:50:08', '2018-03-26 11:50:08'),
(45, 41, 'Stefan Prohaska', 'At aut non debitis libero illo beatae et. Ad omnis adipisci consequatur dolor ipsum eius iure sit.', 4, '2018-03-26 11:50:08', '2018-03-26 11:50:08'),
(46, 20, 'Tanya Gerlach V', 'Aut amet molestiae ut et. Qui maxime voluptatibus aut amet nostrum. Aliquid nesciunt amet exercitationem eligendi commodi minus.', 0, '2018-03-26 11:50:08', '2018-03-26 11:50:08'),
(47, 19, 'Elfrieda Kuvalis', 'Quis accusantium repellat at pariatur et quo nemo. Officiis rem nisi dolor ab. Quia ea explicabo ut eligendi impedit voluptatem beatae. Odit odit est praesentium suscipit iure nulla.', 5, '2018-03-26 11:50:08', '2018-03-26 11:50:08'),
(48, 43, 'Florence Kling', 'Ipsam corporis unde rerum eos aut. Aut vitae recusandae quo voluptas accusamus autem est. At explicabo commodi recusandae adipisci minima. Ipsa sed adipisci quasi dolore.', 3, '2018-03-26 11:50:08', '2018-03-26 11:50:08'),
(49, 32, 'Quentin Kerluke MD', 'Illo hic suscipit nihil et quia et a. Sit excepturi aut aut natus voluptatem placeat. Occaecati quia distinctio ratione libero enim.', 0, '2018-03-26 11:50:08', '2018-03-26 11:50:08'),
(50, 24, 'Antoinette McDermott MD', 'Temporibus asperiores tempore natus voluptate. Dolorem et eius earum totam. Similique magnam a ab qui. Nulla quae et sed voluptas aut.', 2, '2018-03-26 11:50:08', '2018-03-26 11:50:08'),
(51, 49, 'Prof. Jeffrey Kozey', 'Nam natus nemo veniam at voluptates in. Sed exercitationem rerum commodi voluptas voluptates culpa. Pariatur quia provident praesentium dicta ducimus fugiat cum. Vero architecto aperiam totam quae cupiditate est.', 1, '2018-03-26 11:50:08', '2018-03-26 11:50:08'),
(52, 39, 'Amie Luettgen V', 'Error id officiis error est est est nostrum dolorem. Et enim vitae labore sed eum doloremque facere dolor. Sint dolor aut voluptatem consectetur sit culpa quis vel. Est aut vel aliquam reprehenderit illo.', 0, '2018-03-26 11:50:08', '2018-03-26 11:50:08'),
(53, 38, 'Jayson Pouros', 'Non doloribus cum ea eaque. Voluptatem eveniet provident molestias neque a nisi.', 1, '2018-03-26 11:50:08', '2018-03-26 11:50:08'),
(54, 42, 'Prof. Felix Rau', 'Dolor fuga aut distinctio nulla. In aperiam deleniti laudantium quaerat aut recusandae. Est commodi in quos aut sit inventore velit omnis. Est praesentium dolore asperiores aut officia.', 0, '2018-03-26 11:50:08', '2018-03-26 11:50:08'),
(55, 19, 'Theo Lind', 'Amet aut ad consequatur modi occaecati. Natus natus corporis eius iusto ut excepturi ipsa. Quae dicta ea est aut dolorem voluptatem rem. Et assumenda commodi aut id.', 0, '2018-03-26 11:50:08', '2018-03-26 11:50:08'),
(56, 35, 'Dr. Zetta Denesik II', 'Sed enim eos voluptatum. Quia quia porro et harum facere ducimus. Eum iusto voluptas earum et cumque quo cupiditate.', 0, '2018-03-26 11:50:08', '2018-03-26 11:50:08'),
(57, 25, 'Dr. Halie Runte V', 'Et aut voluptate aspernatur. Quibusdam consequatur est voluptatem consequuntur sit placeat rerum nesciunt. Dicta quia optio voluptatem voluptas fugiat alias similique. Rerum et ut dolores facilis.', 1, '2018-03-26 11:50:08', '2018-03-26 11:50:08'),
(58, 40, 'Eloisa Schuppe', 'Sed qui dicta illo quae dolores suscipit. Ea praesentium assumenda unde odit ut aliquid. Non autem et suscipit est sit est doloribus. Eaque consequatur qui harum animi aut unde.', 4, '2018-03-26 11:50:08', '2018-03-26 11:50:08'),
(59, 49, 'Delmer Stanton', 'Praesentium et sit itaque. Ducimus sunt doloremque consectetur sint et non.', 3, '2018-03-26 11:50:08', '2018-03-26 11:50:08'),
(60, 25, 'Prof. Berneice Champlin', 'Harum voluptates rerum perspiciatis eos. Dolorem delectus laborum possimus totam et est porro. Recusandae non animi culpa.', 1, '2018-03-26 11:50:08', '2018-03-26 11:50:08'),
(61, 32, 'Marques Shields', 'Est iusto quo consectetur ipsa natus ratione possimus. Ex accusantium quos esse amet aut. Qui est amet hic ipsam.', 1, '2018-03-26 11:50:08', '2018-03-26 11:50:08'),
(62, 6, 'Wilton Krajcik III', 'Cum quas voluptatem omnis harum veniam cum voluptatum. Quaerat delectus pariatur est enim recusandae. Ut perferendis aut inventore autem consequuntur.', 1, '2018-03-26 11:50:08', '2018-03-26 11:50:08'),
(63, 26, 'Dr. Timmothy Huels', 'Vel facere aperiam ipsum. Aut deserunt neque unde earum sed minima enim nulla.', 2, '2018-03-26 11:50:08', '2018-03-26 11:50:08'),
(64, 20, 'Reed Mueller', 'Qui sit ut quo consequuntur animi et dolore. Voluptatum sunt blanditiis tempora necessitatibus consectetur. Deserunt dicta eos nulla blanditiis.', 2, '2018-03-26 11:50:09', '2018-03-26 11:50:09'),
(65, 12, 'Katharina Runte', 'Expedita quo laborum laboriosam et deleniti. Voluptatem totam quod et. Veniam facilis at veritatis est omnis.', 2, '2018-03-26 11:50:09', '2018-03-26 11:50:09'),
(66, 10, 'Eula Williamson PhD', 'Qui aut praesentium laborum ut similique. Neque id voluptatem porro quae consequatur sequi quia. Omnis repudiandae architecto pariatur est.', 0, '2018-03-26 11:50:09', '2018-03-26 11:50:09'),
(67, 28, 'Mr. Waylon Runolfsdottir', 'Aut repellat aut fugiat corporis amet dolores. Quis molestias nihil quasi enim accusantium. Occaecati commodi labore neque dolores qui.', 2, '2018-03-26 11:50:09', '2018-03-26 11:50:09'),
(68, 18, 'Kailyn Monahan DVM', 'Voluptatem nostrum deleniti recusandae aperiam. Asperiores aut cumque dicta officia dolor. Et fugiat earum illum rem. Saepe vel aliquam sint magni. Quo eos tenetur earum dolor tenetur praesentium reprehenderit.', 0, '2018-03-26 11:50:09', '2018-03-26 11:50:09'),
(69, 10, 'Madge Stehr II', 'Accusamus est ab quas sint repudiandae facilis esse laborum. Aut a esse dolores. Sapiente repellat eaque repellat quaerat vel omnis perspiciatis. Quis assumenda voluptatibus aliquam similique velit et minima.', 0, '2018-03-26 11:50:09', '2018-03-26 11:50:09'),
(70, 2, 'Dr. Summer Buckridge IV', 'Dicta quidem temporibus dolorum. Explicabo sed non voluptatibus vel dolores quos laboriosam dolore. Adipisci officia molestias accusamus dolores eaque.', 4, '2018-03-26 11:50:09', '2018-03-26 11:50:09'),
(71, 42, 'Dr. Domenica Kuhn', 'Aut id placeat assumenda autem non eius quas. Nobis debitis qui a corrupti quo et corporis. Repellendus perferendis consequatur sed corrupti. Voluptas in et numquam atque enim.', 5, '2018-03-26 11:50:09', '2018-03-26 11:50:09'),
(72, 6, 'Dr. Norberto Larkin', 'Saepe quibusdam reiciendis quos voluptatem sapiente. Odio aut aliquam quo ratione natus molestias omnis. Ducimus molestiae sint aut praesentium voluptatum quia molestiae.', 1, '2018-03-26 11:50:09', '2018-03-26 11:50:09'),
(73, 37, 'Miss Liliane Bayer Sr.', 'Ullam reiciendis non odio illum perferendis enim velit necessitatibus. Dolorem ratione minus dolorem qui. Mollitia quia cumque reiciendis earum et et. Et quod aspernatur numquam dolores quis.', 5, '2018-03-26 11:50:09', '2018-03-26 11:50:09'),
(74, 26, 'Candice Anderson', 'Commodi culpa fugiat et quisquam cum. Atque et voluptatibus dignissimos. Ut dolor voluptatem officiis illo necessitatibus.', 0, '2018-03-26 11:50:09', '2018-03-26 11:50:09'),
(75, 10, 'Frederick Hettinger II', 'Nihil ut nemo similique est ea neque. Voluptatem aliquid optio doloremque maxime quasi amet corporis. Sint placeat ipsum amet voluptatem qui commodi.', 2, '2018-03-26 11:50:09', '2018-03-26 11:50:09'),
(76, 34, 'Darius Schaefer', 'Maiores aut sed quia. Laborum amet aut et qui nisi tempore voluptas dolorem. Hic magni hic tempora voluptas optio quisquam sint nihil.', 3, '2018-03-26 11:50:09', '2018-03-26 11:50:09'),
(77, 29, 'Jalyn Rutherford DVM', 'Laborum necessitatibus laboriosam suscipit porro quo minus. Aut voluptatem voluptas ut vitae ut quo rerum voluptatem. Eius autem est ipsam excepturi vel eum.', 3, '2018-03-26 11:50:09', '2018-03-26 11:50:09'),
(78, 37, 'Dr. Baron Feeney', 'Qui sunt earum aliquid. Dolorem itaque eum labore sed consectetur praesentium. Necessitatibus dolorum eum ducimus dolorum perspiciatis consectetur omnis.', 4, '2018-03-26 11:50:09', '2018-03-26 11:50:09'),
(79, 38, 'Selina Ankunding', 'Voluptates voluptate corporis et eveniet commodi est. Esse maxime est odio. Deserunt deleniti facere rerum pariatur. Et dolor nisi eligendi quae. Dignissimos architecto numquam accusantium rerum.', 5, '2018-03-26 11:50:09', '2018-03-26 11:50:09'),
(80, 50, 'Edmond Durgan', 'Fugiat repudiandae ut vel. Molestiae corrupti cupiditate veritatis porro et ipsum. Illo quibusdam eveniet rerum numquam facere et quos.', 5, '2018-03-26 11:50:09', '2018-03-26 11:50:09'),
(81, 16, 'Talia Ziemann MD', 'Eius in quia magni maiores id consequatur voluptas. Magnam rerum voluptas dolores accusantium. Deleniti excepturi aut quia optio. Fugiat et qui optio aliquid nobis voluptatum.', 1, '2018-03-26 11:50:09', '2018-03-26 11:50:09'),
(82, 21, 'Houston Lakin', 'Suscipit ut doloremque eveniet est ut et nisi aliquid. Sequi tempore voluptates ut non ex magnam. Sed qui eum error eos et.', 5, '2018-03-26 11:50:09', '2018-03-26 11:50:09'),
(83, 29, 'Prof. Edwardo Howe', 'Ut in totam voluptatem omnis totam ut aspernatur. Asperiores ut aut est porro vel consequatur aut. Quibusdam veniam odit ipsam deserunt animi. Labore sunt veritatis consequatur.', 3, '2018-03-26 11:50:09', '2018-03-26 11:50:09'),
(84, 7, 'Mr. Neil Lubowitz MD', 'Quia quos saepe qui dolor perferendis sunt. Pariatur culpa distinctio aut error porro. Non atque eveniet cupiditate magnam totam.', 5, '2018-03-26 11:50:09', '2018-03-26 11:50:09'),
(85, 7, 'Leatha Schimmel V', 'Voluptatem nisi mollitia dolore saepe dolorem. Suscipit dolores reprehenderit ut accusantium. Alias quisquam porro sapiente a architecto. Repudiandae voluptatum voluptates saepe et vero rerum.', 3, '2018-03-26 11:50:09', '2018-03-26 11:50:09'),
(86, 2, 'Elaina Graham', 'Earum harum ab velit consequuntur quasi eligendi. Odit odit ut impedit consequatur et quibusdam. Et asperiores dolores nemo omnis sequi odio aut.', 3, '2018-03-26 11:50:09', '2018-03-26 11:50:09'),
(87, 25, 'Magdalen Grady DVM', 'Ipsum sit laudantium nihil. Commodi sint ut atque voluptas. Minus unde aut nostrum natus vitae est.', 5, '2018-03-26 11:50:09', '2018-03-26 11:50:09'),
(88, 49, 'Blaze Marvin DDS', 'Quae quaerat minima quo facilis laboriosam. Et reiciendis odit qui. Explicabo voluptatem perferendis nisi necessitatibus voluptatem culpa. Qui ullam assumenda quas error.', 5, '2018-03-26 11:50:10', '2018-03-26 11:50:10'),
(89, 21, 'Landen Casper', 'Reiciendis reiciendis voluptatem qui veniam qui rerum. Dolorum velit illo id est in. Minus odit nihil at est dolore. Et quis quidem optio error nesciunt et quisquam dignissimos.', 4, '2018-03-26 11:50:10', '2018-03-26 11:50:10'),
(90, 47, 'Ms. Melissa Eichmann Jr.', 'Rerum qui debitis sed repudiandae et sed voluptas. Saepe nihil ut dolorum. Omnis ut iure aliquid sit placeat.', 2, '2018-03-26 11:50:10', '2018-03-26 11:50:10'),
(91, 46, 'Elinore Runte', 'Ea repudiandae ut inventore esse unde aliquid. Similique cupiditate inventore iusto et ut totam. Qui sed aut voluptatum non nam.', 1, '2018-03-26 11:50:10', '2018-03-26 11:50:10'),
(92, 2, 'Rafaela Dooley', 'Amet pariatur quae dolores quis et. Et quia repellendus dolor modi voluptatem est voluptatum. Voluptatem et aut voluptatem est.', 1, '2018-03-26 11:50:10', '2018-03-26 11:50:10'),
(93, 4, 'May Daugherty', 'Nam velit omnis itaque dolores laudantium fuga. Exercitationem sit iste est necessitatibus.', 2, '2018-03-26 11:50:10', '2018-03-26 11:50:10'),
(94, 1, 'Miss Salma Beahan V', 'Sint deserunt praesentium fugiat vero ad. Dolorem ut in aliquam distinctio in.', 0, '2018-03-26 11:50:10', '2018-03-26 11:50:10'),
(95, 4, 'Wyatt Dare', 'Facere est id nobis nihil maiores qui. Ullam nihil ipsam harum. Sed et sapiente eos delectus inventore et quaerat consectetur.', 5, '2018-03-26 11:50:10', '2018-03-26 11:50:10'),
(96, 40, 'Lelah Turcotte', 'Provident optio est natus in nihil excepturi dolor. Excepturi ut nulla expedita quia consequatur a. Molestias unde perspiciatis dolore architecto accusantium.', 4, '2018-03-26 11:50:10', '2018-03-26 11:50:10'),
(97, 4, 'Ms. Winona Rempel MD', 'Nam velit totam quod repellendus corporis perferendis. Voluptate neque corrupti impedit ipsum minima. Soluta possimus sint omnis qui. Aperiam hic ex occaecati assumenda aspernatur iste ut quibusdam.', 1, '2018-03-26 11:50:10', '2018-03-26 11:50:10'),
(98, 22, 'Emmitt Waelchi II', 'In quos vel et officia atque et aspernatur. Vero ut qui pariatur dicta. Nostrum doloribus aspernatur nam.', 4, '2018-03-26 11:50:10', '2018-03-26 11:50:10'),
(99, 23, 'Arthur Rodriguez', 'Est dolorum illo eius qui nemo. Reiciendis aliquam occaecati repellendus consequatur quas. Doloribus sunt et at et enim.', 0, '2018-03-26 11:50:10', '2018-03-26 11:50:10'),
(100, 27, 'Dr. Geovanny Murphy Sr.', 'Omnis pariatur mollitia et molestiae exercitationem. Quibusdam reiciendis quae incidunt dolor in maiores. Odit sed nesciunt laborum laboriosam fuga aperiam. Accusantium placeat est alias est.', 2, '2018-03-26 11:50:10', '2018-03-26 11:50:10'),
(101, 40, 'Joshua Waters', 'Et nihil dolor ut et iusto maiores quia officiis. Repudiandae dolorum debitis aut enim repellat vel voluptatem. Molestiae ratione qui asperiores dolorem itaque cupiditate.', 1, '2018-03-26 11:50:10', '2018-03-26 11:50:10'),
(102, 33, 'Malvina Leannon', 'Natus sunt laudantium omnis aut. Quis ut consequatur illum quasi dignissimos. Modi exercitationem consequatur reiciendis sed incidunt ut. Omnis enim quia ut autem voluptatem quae occaecati.', 3, '2018-03-26 11:50:10', '2018-03-26 11:50:10'),
(103, 13, 'Wilma Wilderman', 'Praesentium et alias est consequuntur. Corrupti iure nam expedita rem reprehenderit in. Et consequatur ipsam similique molestias nisi quo.', 2, '2018-03-26 11:50:10', '2018-03-26 11:50:10'),
(104, 8, 'Dr. Natasha Kshlerin', 'Ad sunt est soluta et magni hic est. Quod odit ipsam sequi sint sit. Ut consequatur sint est ab reiciendis sunt voluptate. Doloremque itaque voluptatem enim tempore voluptate nihil et.', 1, '2018-03-26 11:50:10', '2018-03-26 11:50:10'),
(105, 39, 'Jovanny Schroeder I', 'Pariatur vel excepturi et et accusantium et. Qui aperiam autem omnis ea fuga ratione in. In sint saepe quam placeat quo cupiditate officiis. Velit aut qui atque quis.', 2, '2018-03-26 11:50:10', '2018-03-26 11:50:10'),
(106, 14, 'Lorna Lynch', 'Voluptatem explicabo similique neque maiores voluptatibus esse ab. Nemo rerum nobis earum facilis in qui.', 4, '2018-03-26 11:50:10', '2018-03-26 11:50:10'),
(107, 46, 'Chasity Mitchell', 'Eius ipsa quo ad libero eum. Earum iure dicta molestiae est quisquam ullam. Dolor cupiditate qui tempora eaque cupiditate cumque. Doloremque adipisci tempore rerum aliquam possimus rerum ea.', 2, '2018-03-26 11:50:10', '2018-03-26 11:50:10'),
(108, 28, 'Arthur Hettinger', 'Repellat a eum distinctio voluptatem deserunt eligendi architecto. Quisquam accusamus voluptate et consequatur magnam. A at facilis quia ratione dolorem. Ex sit delectus voluptas quo. Sed voluptatem quia minus dolore architecto nihil ipsam.', 1, '2018-03-26 11:50:10', '2018-03-26 11:50:10'),
(109, 27, 'Prof. Makenna Leannon V', 'Dolore dolorem tempore amet quo dolorem. Voluptatem qui doloremque necessitatibus.', 5, '2018-03-26 11:50:10', '2018-03-26 11:50:10'),
(110, 26, 'Fabiola Zulauf', 'Et voluptas excepturi rerum voluptatem aut. Repellat ratione vero et. Quis possimus quia qui et et aut modi velit.', 2, '2018-03-26 11:50:10', '2018-03-26 11:50:10'),
(111, 16, 'Ebba Fadel', 'Dolores qui aut minima similique nemo. Labore id et quis iusto nemo. Aliquam id ipsum enim occaecati a distinctio aliquid.', 4, '2018-03-26 11:50:10', '2018-03-26 11:50:10'),
(112, 4, 'Kaia Lehner', 'Distinctio explicabo expedita quidem rerum quia excepturi. Architecto sunt numquam velit magnam iusto voluptatem nulla.', 3, '2018-03-26 11:50:10', '2018-03-26 11:50:10'),
(113, 29, 'Lisette Williamson', 'Dolor ea perspiciatis nobis cupiditate. Pariatur sit delectus in natus perferendis dolor dolore. Sit aut fugit distinctio ut. Est quaerat omnis voluptate quia incidunt architecto.', 4, '2018-03-26 11:50:11', '2018-03-26 11:50:11'),
(114, 27, 'Delpha Schimmel', 'Totam voluptatem ea ipsa est corrupti commodi. Dolores sit illo enim consequatur. Praesentium sint omnis deleniti fugiat quaerat optio natus.', 2, '2018-03-26 11:50:11', '2018-03-26 11:50:11'),
(115, 18, 'David Kassulke', 'Ut laudantium nisi id omnis rem sapiente odit dignissimos. Possimus occaecati fuga qui autem. Voluptatibus dolor facilis nam quis explicabo quis nesciunt. Rerum vel ut aut recusandae quis voluptates.', 4, '2018-03-26 11:50:11', '2018-03-26 11:50:11'),
(116, 42, 'Anthony Berge MD', 'Et veritatis alias reiciendis aut non id minus. Quod voluptatum quod hic similique et architecto. Facilis tempore necessitatibus aut voluptatem a. Et ut et adipisci esse saepe exercitationem.', 5, '2018-03-26 11:50:11', '2018-03-26 11:50:11'),
(117, 27, 'Janiya Douglas', 'Cum placeat quam quis autem occaecati placeat. Sunt fugit perspiciatis accusantium numquam error porro. Corporis ea quaerat et velit totam earum et.', 3, '2018-03-26 11:50:11', '2018-03-26 11:50:11'),
(118, 22, 'Kirstin Murazik', 'Eaque sint sint nostrum culpa. Laudantium aut porro ut distinctio aut. Rem explicabo omnis ut doloremque eos. Rerum culpa nisi consectetur quo aut quia.', 1, '2018-03-26 11:50:11', '2018-03-26 11:50:11'),
(119, 29, 'Prof. Cristobal Shanahan', 'Quo consequuntur maiores aut culpa aut. Qui earum non fugiat laboriosam voluptas maiores perferendis. Architecto modi sed reiciendis explicabo. Expedita laborum inventore aliquam ratione.', 5, '2018-03-26 11:50:11', '2018-03-26 11:50:11'),
(120, 48, 'Tom Koss', 'Consectetur similique ut aut. Eum rerum non laudantium. Voluptatem aliquam accusamus doloribus in eveniet et voluptatem.', 4, '2018-03-26 11:50:11', '2018-03-26 11:50:11'),
(121, 28, 'Nia Kovacek', 'Ullam nesciunt beatae rem soluta. Est assumenda quo nam esse. Aspernatur totam soluta eaque dicta repellat temporibus earum.', 2, '2018-03-26 11:50:11', '2018-03-26 11:50:11'),
(122, 23, 'Nelda Gorczany MD', 'Vero ducimus a consequatur temporibus accusamus. Et optio nihil doloribus qui blanditiis. Nostrum dicta repellendus soluta odio rerum aut rerum suscipit. Id aut non minima nostrum blanditiis animi architecto.', 4, '2018-03-26 11:50:11', '2018-03-26 11:50:11'),
(123, 13, 'Addie Romaguera', 'Odio porro voluptas qui aut eius molestias ut. Eum ut consequatur eum vitae.', 0, '2018-03-26 11:50:11', '2018-03-26 11:50:11'),
(124, 33, 'Ron Stiedemann', 'Qui voluptatem sapiente qui sit libero amet quibusdam a. Eius esse sequi doloremque necessitatibus. Voluptatem voluptatem nihil autem dolore aperiam aut.', 0, '2018-03-26 11:50:11', '2018-03-26 11:50:11'),
(125, 47, 'Elvis Crist', 'Laborum eum voluptatem expedita voluptas vitae. Veritatis maxime voluptatibus est adipisci repellendus.', 3, '2018-03-26 11:50:11', '2018-03-26 11:50:11'),
(126, 39, 'Nels Purdy', 'Vel hic itaque id consequatur voluptatem aspernatur. Distinctio nisi omnis facilis sequi sit illum ratione. Qui voluptatibus illo labore rerum non aut. Porro consectetur sunt rerum.', 0, '2018-03-26 11:50:11', '2018-03-26 11:50:11'),
(127, 41, 'Mr. Derrick Fritsch I', 'Aut iste aliquid et est quia aut velit. Rerum incidunt consequatur consequatur est corrupti omnis. Quia earum debitis impedit qui consequatur deserunt enim. Accusantium iure dolor tempora.', 1, '2018-03-26 11:50:11', '2018-03-26 11:50:11'),
(128, 6, 'Nathen Hauck', 'Impedit iusto rem autem velit et quis. Est qui fugit suscipit est expedita. Unde autem maxime id eum autem.', 0, '2018-03-26 11:50:11', '2018-03-26 11:50:11'),
(129, 22, 'Bailey Leannon', 'Temporibus earum quas sunt. Rem eligendi non quo rerum impedit rerum laborum. Animi molestiae eveniet aut voluptatem. In quisquam quia sit.', 4, '2018-03-26 11:50:11', '2018-03-26 11:50:11'),
(130, 49, 'Alaina Wiegand DVM', 'Odit labore ab totam. Repellendus quos sint vitae at quae. Dicta hic assumenda quas dolorum repellendus deleniti veniam.', 3, '2018-03-26 11:50:11', '2018-03-26 11:50:11'),
(131, 4, 'Niko Tillman', 'Nemo et sit aliquid. Tempore dolore rem ut. Voluptatibus consequatur ab et consequatur velit. Quaerat dignissimos impedit numquam qui qui asperiores.', 0, '2018-03-26 11:50:11', '2018-03-26 11:50:11'),
(132, 15, 'Favian Schuppe', 'Aut omnis unde aut aut vitae iure minus. Corporis aliquam suscipit saepe doloribus expedita culpa laboriosam ad. Est asperiores nihil non mollitia dignissimos necessitatibus repellat. Repellat ut iste officia natus asperiores cumque velit.', 5, '2018-03-26 11:50:11', '2018-03-26 11:50:11'),
(133, 38, 'Mr. Norris Barton', 'Fuga praesentium eum impedit dolor aut. Ea eius quia ut ipsam optio quis.', 2, '2018-03-26 11:50:11', '2018-03-26 11:50:11'),
(134, 46, 'Mr. Damon McGlynn IV', 'Et maxime molestias nesciunt consequuntur. Voluptas totam et tempore. Tempora aut minima corporis reprehenderit blanditiis voluptatibus voluptas. Tempora rerum aliquid aut omnis.', 2, '2018-03-26 11:50:11', '2018-03-26 11:50:11'),
(135, 16, 'Prof. Cassidy Nader MD', 'Inventore et id totam velit et fugiat quos. Voluptatem corporis quam qui quod et dolore perspiciatis. Fugit ea ab dolorem excepturi. Minima ut eligendi at impedit.', 4, '2018-03-26 11:50:11', '2018-03-26 11:50:11'),
(136, 17, 'Favian Harber', 'Et sunt non quia eum autem et. Architecto culpa dolore possimus expedita mollitia quasi beatae in. Aut sit labore sint est debitis. Rerum delectus et mollitia veniam.', 1, '2018-03-26 11:50:11', '2018-03-26 11:50:11'),
(137, 34, 'Marianna Stanton', 'Totam consequatur fuga libero. Modi est et molestiae et. Iusto doloremque provident qui ex. Odio est ut quod quis quia. Deserunt harum nisi aperiam quae.', 3, '2018-03-26 11:50:11', '2018-03-26 11:50:11'),
(138, 14, 'Eloise Bashirian', 'Vitae sed rerum fugiat deleniti consequatur. Distinctio dolorem perferendis quod. Et molestiae harum repellendus commodi nobis laborum ad animi.', 5, '2018-03-26 11:50:11', '2018-03-26 11:50:11'),
(139, 10, 'Dr. Abdul Mann', 'Commodi reprehenderit saepe non hic consequuntur nemo. Beatae explicabo temporibus consequatur at pariatur.', 1, '2018-03-26 11:50:12', '2018-03-26 11:50:12'),
(140, 2, 'Colt Renner', 'Aut minus fugit cum earum voluptatem fugit. Qui corporis suscipit totam quis ullam. Totam dolorum aut quisquam optio iusto eos.', 3, '2018-03-26 11:50:12', '2018-03-26 11:50:12'),
(141, 23, 'Magali Moen IV', 'Aut est quia et molestiae dignissimos. Nesciunt sed modi aut temporibus provident. Eum ducimus maiores non eius aut id occaecati eum. At id libero illo blanditiis cum.', 5, '2018-03-26 11:50:12', '2018-03-26 11:50:12'),
(142, 6, 'Prof. Norene Pouros', 'Pariatur ea suscipit architecto sunt eaque voluptatem. Vero enim reprehenderit a et non. Dolores voluptatem asperiores voluptas veritatis hic quibusdam repellendus.', 3, '2018-03-26 11:50:12', '2018-03-26 11:50:12'),
(143, 41, 'Guillermo Wuckert', 'Deleniti iusto qui sint laborum consequatur nam possimus. Voluptatem officiis quis dolores tenetur. Ducimus voluptatem minus quas minus voluptatem quae. Voluptatem autem et ipsam ratione voluptatum cupiditate illo.', 0, '2018-03-26 11:50:12', '2018-03-26 11:50:12'),
(144, 8, 'Talon Rau', 'Eaque optio voluptate quidem sit in. Illum in ad dolor dolores eos est magni.', 4, '2018-03-26 11:50:12', '2018-03-26 11:50:12'),
(145, 16, 'Dr. Baron Hagenes', 'Qui voluptatem minus quia et tempora aut. Voluptatem vel nobis et praesentium. Minima aut debitis occaecati eius facilis dolor ipsa veritatis. Natus quia dolor maxime eveniet quaerat iure. Ad ut qui tempora autem et eos enim.', 5, '2018-03-26 11:50:12', '2018-03-26 11:50:12'),
(146, 14, 'Mr. Garett Cronin DVM', 'Dolorum vitae dolorem rem porro. Dolore ut vel provident alias iusto cumque. Hic et est ratione vel.', 2, '2018-03-26 11:50:12', '2018-03-26 11:50:12'),
(147, 40, 'Marilyne Langosh', 'Sed aut et debitis quod officia corporis. Magni dolor inventore perferendis omnis ut aspernatur laboriosam omnis. Ratione ipsam iusto et. Velit vel nam quae nam officiis. Deserunt non quasi harum saepe itaque distinctio ex.', 5, '2018-03-26 11:50:12', '2018-03-26 11:50:12'),
(148, 8, 'Maegan Cremin', 'Laudantium aut qui et non consequatur eos. Aliquid laudantium qui et dolorem esse necessitatibus laboriosam. Deserunt minima repellat similique in itaque enim earum minus.', 2, '2018-03-26 11:50:12', '2018-03-26 11:50:12'),
(149, 9, 'Braulio Hagenes', 'Id est quia qui laborum provident sed sunt. Non odio quo quisquam pariatur est asperiores. Assumenda sint deserunt dolore officia libero.', 3, '2018-03-26 11:50:12', '2018-03-26 11:50:12'),
(150, 14, 'Prof. Kayla Kuhic DDS', 'Voluptas est iste aliquid reprehenderit quis recusandae totam. Enim consequatur qui voluptatum modi. Unde eos autem repudiandae ipsa quibusdam voluptas. Consectetur aperiam laborum ut incidunt vero.', 4, '2018-03-26 11:50:12', '2018-03-26 11:50:12'),
(151, 20, 'Myrtis Goodwin', 'Magnam fugiat vel eveniet voluptatem sunt praesentium praesentium itaque. Iusto delectus non sunt architecto asperiores reprehenderit officiis. Deleniti qui ut et magni excepturi libero. Repellat in quibusdam est ipsam nesciunt.', 2, '2018-03-26 11:50:12', '2018-03-26 11:50:12'),
(152, 21, 'Morton Grady', 'Sint praesentium tempora velit non velit voluptas quis. Est nisi minus autem sequi omnis sed enim. Quidem est rerum libero velit perspiciatis. Voluptatem enim ipsa consequatur reiciendis delectus sunt veniam.', 3, '2018-03-26 11:50:12', '2018-03-26 11:50:12'),
(153, 34, 'Gerson Bradtke', 'Neque dolorem voluptatum quaerat impedit quidem. Pariatur ea nihil illo nostrum occaecati veniam. Sapiente quae beatae eaque fugiat architecto.', 1, '2018-03-26 11:50:12', '2018-03-26 11:50:12'),
(154, 1, 'Bret Effertz', 'Consectetur amet consequatur incidunt voluptas deserunt. Consequuntur sunt expedita animi qui. In expedita dignissimos possimus placeat.', 4, '2018-03-26 11:50:12', '2018-03-26 11:50:12'),
(155, 40, 'Orval Rutherford', 'Eum sit similique veritatis fuga voluptatem et. Quaerat qui corrupti ea similique enim non. Ea necessitatibus sit exercitationem perferendis.', 1, '2018-03-26 11:50:12', '2018-03-26 11:50:12'),
(156, 9, 'Desiree Fahey', 'Inventore et hic sit consequatur reiciendis officia. Molestiae temporibus nisi ipsa alias dolores aut dolor. Ut ratione voluptatem ipsum quis omnis.', 4, '2018-03-26 11:50:12', '2018-03-26 11:50:12'),
(157, 36, 'Prof. Jacky Von', 'Quia quia quas odio repellendus quis repellat suscipit quod. Fuga fugiat qui recusandae eos temporibus fugit doloribus. Deleniti ullam sequi ut veritatis autem minima magnam. Consectetur quis sapiente accusantium quia. Repudiandae maxime eveniet est magni.', 0, '2018-03-26 11:50:12', '2018-03-26 11:50:12'),
(158, 35, 'Vivien Boyle', 'Odit doloribus dolores temporibus consectetur. Deleniti ut qui accusamus aspernatur dicta quia quam. Voluptatem omnis sequi optio eligendi rerum qui. Aliquid aut ipsum id voluptate ea.', 5, '2018-03-26 11:50:12', '2018-03-26 11:50:12'),
(159, 15, 'Woodrow Murazik III', 'Aut aut deleniti natus natus est tempore. Molestiae ut sequi quibusdam non. Reiciendis maiores est dolores et cumque. Molestias dolorum aut modi veniam officia laudantium et magnam.', 4, '2018-03-26 11:50:12', '2018-03-26 11:50:12'),
(160, 15, 'Omer Cormier', 'Corrupti necessitatibus quo sed. Quia pariatur rem porro et et iusto necessitatibus omnis. Iure non ut autem rerum voluptates. Repellendus beatae sunt repellat deserunt impedit porro.', 4, '2018-03-26 11:50:12', '2018-03-26 11:50:12'),
(161, 24, 'Camille Quigley', 'Iusto et hic illum. Ut quaerat eum magnam deserunt. Molestiae exercitationem voluptas cum sint animi alias. Non quae quisquam unde amet quo.', 3, '2018-03-26 11:50:12', '2018-03-26 11:50:12'),
(162, 17, 'Demetrius Roberts', 'Dolor veritatis quaerat dicta nulla. Quis voluptatem quis aut reiciendis et et.', 0, '2018-03-26 11:50:12', '2018-03-26 11:50:12'),
(163, 28, 'Adah Zieme', 'Velit deserunt omnis labore sapiente. Excepturi in molestias voluptatem rem nesciunt minima laborum. Illum natus omnis est eos consequatur aut iure.', 4, '2018-03-26 11:50:12', '2018-03-26 11:50:12'),
(164, 45, 'Miss Julie Walsh', 'Magnam quia ut et velit ab labore voluptatibus. Cum expedita quia doloribus adipisci. Fugit totam et quidem voluptate et sunt in cupiditate. Nulla deserunt voluptate vitae eveniet facere possimus voluptas.', 1, '2018-03-26 11:50:12', '2018-03-26 11:50:12'),
(165, 20, 'Murl Hoppe', 'Aut consequatur veniam nesciunt est repudiandae quia rerum. Veritatis molestiae et modi autem praesentium. Quis odit rem sed consequatur.', 4, '2018-03-26 11:50:12', '2018-03-26 11:50:12'),
(166, 17, 'Lyda Kessler', 'Rerum quia deserunt quaerat maxime praesentium. Est sapiente quia excepturi distinctio voluptas ipsa ut. Voluptatum esse esse aut et. Saepe vitae deserunt sapiente beatae iusto architecto.', 2, '2018-03-26 11:50:12', '2018-03-26 11:50:12'),
(167, 27, 'Felton Roberts', 'Autem repellat et qui vitae ipsum aliquam perspiciatis. Architecto velit qui voluptatem a magnam.', 3, '2018-03-26 11:50:13', '2018-03-26 11:50:13'),
(168, 29, 'Ms. Eldridge Hyatt', 'Laborum quisquam quae officia molestiae velit recusandae eveniet. Nesciunt earum vitae voluptas atque. Ea temporibus temporibus at quia facere nulla. Distinctio ea natus culpa dignissimos. Voluptatum quam consequuntur minus iure repudiandae ut.', 4, '2018-03-26 11:50:13', '2018-03-26 11:50:13'),
(169, 19, 'Tina Strosin', 'Omnis vel aspernatur quae beatae. Excepturi qui quae vero nihil recusandae error. Ut suscipit quas voluptatem non qui sed et amet.', 0, '2018-03-26 11:50:13', '2018-03-26 11:50:13'),
(170, 16, 'Elian Schiller', 'Quos voluptates sequi recusandae quasi reprehenderit. Ea atque voluptates modi necessitatibus quia. Enim voluptates velit explicabo necessitatibus et.', 5, '2018-03-26 11:50:13', '2018-03-26 11:50:13'),
(171, 34, 'Felipe Hessel', 'Tempora libero quisquam delectus qui aut quidem ea impedit. Distinctio aut assumenda et. Aut in praesentium illum aspernatur laboriosam officiis quidem.', 3, '2018-03-26 11:50:13', '2018-03-26 11:50:13'),
(172, 43, 'Loyal Sauer', 'Aut nulla eius nihil explicabo dolor molestias quidem. Et ut numquam nisi aperiam at numquam. Est quasi hic et maxime molestiae voluptatum. Beatae est qui reprehenderit itaque est.', 1, '2018-03-26 11:50:13', '2018-03-26 11:50:13'),
(173, 5, 'Mr. Theodore Harvey', 'Tempore rerum deleniti minus aut. Aut voluptas ut similique exercitationem illo repellat. Repudiandae molestiae consequatur officia rerum debitis. Et harum praesentium laboriosam ea necessitatibus quisquam ratione.', 1, '2018-03-26 11:50:13', '2018-03-26 11:50:13'),
(174, 9, 'Taurean Bins', 'Et corrupti modi qui at labore molestiae. Qui totam totam reprehenderit cum repellendus ducimus iusto quidem. Cum distinctio rerum ut incidunt odio. Magnam in magni cumque architecto nulla.', 4, '2018-03-26 11:50:13', '2018-03-26 11:50:13'),
(175, 38, 'Henriette Goodwin', 'Modi minus impedit at cupiditate magnam voluptate quae qui. Itaque et velit distinctio totam nobis. Exercitationem ut voluptas quasi quod.', 5, '2018-03-26 11:50:13', '2018-03-26 11:50:13'),
(176, 40, 'Armani Crooks', 'Cupiditate consequatur et omnis rem cumque perferendis est odio. Sunt voluptas similique quis beatae nam debitis minima.', 2, '2018-03-26 11:50:13', '2018-03-26 11:50:13'),
(177, 43, 'Mr. Jared Steuber I', 'Sint quisquam alias dignissimos asperiores itaque facere. Ab minus omnis et accusantium. Rerum tempore numquam provident dolorum commodi ratione. Earum quidem enim at temporibus et dolor.', 2, '2018-03-26 11:50:13', '2018-03-26 11:50:13'),
(178, 7, 'Prof. Stefan D\'Amore', 'Et numquam voluptatibus nihil officiis consectetur eius. Repudiandae vitae ullam sed quas quae quia fugit. Et facere iste velit minima. Reprehenderit dolorem dolorem dicta distinctio illo alias.', 1, '2018-03-26 11:50:13', '2018-03-26 11:50:13'),
(179, 29, 'Logan Grant', 'Qui sed magni officiis ut esse veniam vitae. Aperiam odio deserunt earum accusantium. Excepturi amet minus exercitationem cumque officia sint.', 2, '2018-03-26 11:50:13', '2018-03-26 11:50:13'),
(180, 27, 'Destiny Hammes', 'Ut soluta est odit aliquid labore. Omnis omnis nulla sed qui et mollitia ipsam.', 0, '2018-03-26 11:50:13', '2018-03-26 11:50:13'),
(181, 32, 'Mr. Blaze Conn Jr.', 'Rerum assumenda cum in aut quia culpa magnam tempore. Excepturi quas iusto dolorem ipsum. Est quam eveniet aut architecto quae.', 1, '2018-03-26 11:50:13', '2018-03-26 11:50:13'),
(182, 48, 'Mustafa King Jr.', 'Tenetur corrupti quas placeat eum esse sunt. Ex et velit numquam aut voluptatum et. Cumque sit blanditiis magnam illo sequi aut.', 1, '2018-03-26 11:50:13', '2018-03-26 11:50:13'),
(183, 9, 'Dr. Kiley Senger PhD', 'Accusamus odit quaerat corporis quam. Neque consequatur ab vitae qui magni necessitatibus sit. Eos optio sed vero. Eveniet deleniti facere nihil voluptatem quasi ut sapiente sit.', 4, '2018-03-26 11:50:13', '2018-03-26 11:50:13'),
(184, 5, 'Ms. Nyah Huel III', 'Aliquid et labore quos sed consequuntur sint. Itaque non fuga est est. Adipisci enim esse voluptas voluptatem aut fuga porro. Reiciendis assumenda ducimus eos explicabo nulla molestiae aut.', 1, '2018-03-26 11:50:13', '2018-03-26 11:50:13'),
(185, 46, 'Marques Keebler', 'Voluptatem aperiam tempore sunt aut. Non et officia vitae est fuga sapiente. Ut et eligendi facilis saepe.', 0, '2018-03-26 11:50:13', '2018-03-26 11:50:13'),
(186, 8, 'Ursula Balistreri', 'Enim ut harum et pariatur. Delectus dolorem eum veniam blanditiis saepe enim dolor. Repellendus totam reprehenderit in eligendi incidunt ut laboriosam rerum. Cum maiores non qui sapiente.', 5, '2018-03-26 11:50:13', '2018-03-26 11:50:13'),
(187, 17, 'America Funk', 'Aspernatur ut et perferendis non odit facilis quasi. Ducimus explicabo est porro. Est aut aliquid modi labore qui et ipsa. Harum aut et aut debitis dignissimos consequatur.', 1, '2018-03-26 11:50:13', '2018-03-26 11:50:13'),
(188, 1, 'Prof. Karl Haley MD', 'Voluptas reiciendis vel non rerum sapiente adipisci dolorum. Commodi sequi quis ut inventore aut sequi et. Magni aut architecto quidem voluptates ea tenetur. Nobis vitae non consequatur eum occaecati soluta.', 2, '2018-03-26 11:50:13', '2018-03-26 11:50:13'),
(189, 47, 'Katarina Powlowski MD', 'Explicabo quo sint odio sunt iusto dolorem. Qui et illum sunt consectetur. A provident consequatur iste ut vitae.', 3, '2018-03-26 11:50:13', '2018-03-26 11:50:13'),
(190, 34, 'Dr. Marcia Johns', 'Est delectus dolore quia repellendus. Id animi dignissimos dignissimos dignissimos enim. Inventore illum et tempore laborum dolores. Beatae exercitationem et autem assumenda tempora enim assumenda.', 0, '2018-03-26 11:50:13', '2018-03-26 11:50:13'),
(191, 13, 'Dominique Lind', 'Accusantium accusantium vel harum iste vitae quos. Enim explicabo est magnam quis et laborum.', 1, '2018-03-26 11:50:13', '2018-03-26 11:50:13'),
(192, 35, 'Prof. Allen Bednar MD', 'Magnam et iste expedita dolorem iste quidem. Voluptas aut nostrum aut aliquam sit. Expedita deleniti atque itaque blanditiis aut et ab.', 2, '2018-03-26 11:50:13', '2018-03-26 11:50:13'),
(193, 47, 'Juwan Kuhlman', 'Id soluta architecto ea ullam expedita dolorem. Aut quo et quam iure corporis sit voluptate. Ut aut dolorem dignissimos id repudiandae ab quos. Reprehenderit ea minus possimus sint qui.', 3, '2018-03-26 11:50:13', '2018-03-26 11:50:13'),
(194, 45, 'Domenico Blanda', 'Et pariatur dolor autem temporibus perferendis error et commodi. Distinctio molestiae dignissimos consequatur quas ut quod. Nulla non labore laborum velit nesciunt natus.', 4, '2018-03-26 11:50:14', '2018-03-26 11:50:14'),
(195, 32, 'Dusty Wyman', 'Officiis sit voluptatem a qui aut voluptas. Doloribus veritatis eius perferendis fugit. Sint alias sint labore voluptas. Magni eius et repellat nam assumenda omnis id.', 2, '2018-03-26 11:50:14', '2018-03-26 11:50:14'),
(196, 19, 'Lucy Nolan', 'Perferendis eos iusto veritatis in. Aut dignissimos qui similique vero pariatur. Quo doloribus consequatur error voluptas.', 5, '2018-03-26 11:50:14', '2018-03-26 11:50:14'),
(197, 13, 'Albertha Quitzon', 'Quisquam incidunt ratione placeat. Facere sed perferendis dolor ad laudantium quam aut animi. Reiciendis iste cum cupiditate autem. Dolorum praesentium magnam magni consequatur.', 4, '2018-03-26 11:50:14', '2018-03-26 11:50:14'),
(198, 21, 'Bethel Schroeder MD', 'Ea ut dolorem excepturi soluta blanditiis in sit. Laudantium veritatis laboriosam reiciendis fugit architecto. Qui autem et eum similique. Nulla odit voluptatibus vero eius tenetur ut.', 3, '2018-03-26 11:50:14', '2018-03-26 11:50:14'),
(199, 18, 'Cecil Borer', 'Sunt magnam quam explicabo perspiciatis debitis. Qui ut iste praesentium quisquam quis. Saepe qui voluptate excepturi veniam dolores quaerat quia. Suscipit suscipit ut possimus.', 0, '2018-03-26 11:50:14', '2018-03-26 11:50:14'),
(200, 14, 'Jacky Kuphal', 'Consequatur quas consequatur sequi assumenda facere eum. Non et enim quasi ea quasi molestiae tempore. Nemo tempora quia quis et sed.', 2, '2018-03-26 11:50:14', '2018-03-26 11:50:14'),
(201, 6, 'Dr. Cassandra Armstrong', 'Dolorem modi est iste blanditiis facilis. Quia repellat quia quam et aut dicta nam. Ut aut ipsum sapiente.', 1, '2018-03-26 11:50:14', '2018-03-26 11:50:14'),
(202, 21, 'Raphaelle Nikolaus', 'Et dolore atque dolore repellendus necessitatibus id exercitationem et. Nulla autem iste ullam nulla laboriosam eum. Provident sequi possimus maxime cum quibusdam nulla quisquam.', 0, '2018-03-26 11:50:14', '2018-03-26 11:50:14'),
(203, 1, 'Mr. Deondre Baumbach', 'Numquam saepe et illum. Nihil eum animi modi iusto odio error ad. Fugit consequatur aut aliquam quod non a. Sed excepturi est molestiae qui officiis.', 5, '2018-03-26 11:50:14', '2018-03-26 11:50:14'),
(204, 28, 'Kirk McCullough IV', 'Natus architecto commodi nihil praesentium molestias repellat. Impedit non aut sapiente omnis sed doloribus.', 4, '2018-03-26 11:50:14', '2018-03-26 11:50:14'),
(205, 28, 'Prof. Candace Rowe IV', 'Quas voluptatem dolor molestias omnis. Natus et laboriosam est illum sequi culpa eum. Voluptatum dolorem quis aspernatur ad id sed.', 5, '2018-03-26 11:50:14', '2018-03-26 11:50:14'),
(206, 40, 'Adam Trantow', 'Voluptas exercitationem pariatur corporis. Sit vero officia maiores et. Ad et laborum magni consequatur doloribus debitis.', 1, '2018-03-26 11:50:14', '2018-03-26 11:50:14'),
(207, 14, 'Mrs. Lindsay Klein', 'Quam illum odio vel eos veniam molestiae id omnis. Dolores a quia consequatur debitis molestiae itaque. Unde laborum quo quasi quos et. Odio culpa harum aperiam labore ipsum.', 2, '2018-03-26 11:50:14', '2018-03-26 11:50:14'),
(208, 9, 'Jacques Donnelly', 'Et sit sit repellat magni. Maiores voluptatibus similique nostrum. Autem tempore aliquam aut provident nihil ut est. Quaerat repellendus et omnis enim numquam quos dicta.', 1, '2018-03-26 11:50:14', '2018-03-26 11:50:14'),
(209, 30, 'Prof. Richie Lemke', 'Aperiam natus temporibus consequatur aut ea ipsam. Similique exercitationem placeat fugit tempora. Aut voluptas et sit enim nesciunt. Nihil voluptatibus ut necessitatibus fugiat voluptatem esse perferendis.', 0, '2018-03-26 11:50:14', '2018-03-26 11:50:14'),
(210, 43, 'Mrs. Letha Greenholt', 'Facere error eius quia esse quis voluptas eius. Eum vel nihil architecto consequuntur. Molestiae aperiam officiis quis omnis consequatur rem. Eaque esse repellat eum.', 1, '2018-03-26 11:50:14', '2018-03-26 11:50:14'),
(211, 12, 'Cale Moen', 'Rerum nihil incidunt qui quisquam dolor est delectus voluptatem. Ea ex unde nam necessitatibus id. Non culpa ea cupiditate modi temporibus dolores laborum.', 4, '2018-03-26 11:50:14', '2018-03-26 11:50:14'),
(212, 35, 'Prof. Pablo Wyman', 'Fuga quo beatae vero ad enim placeat. Itaque explicabo sed commodi hic officia ut et. Deleniti ut qui error consequatur temporibus magni ea. Dolores reiciendis praesentium quas eum dolores voluptatem sequi excepturi.', 1, '2018-03-26 11:50:14', '2018-03-26 11:50:14');
INSERT INTO `reviews` (`id`, `product_id`, `customer`, `review`, `star`, `created_at`, `updated_at`) VALUES
(213, 49, 'Deontae Dietrich', 'Et eius dolor labore voluptatum suscipit qui rerum. Consectetur laboriosam quas enim et eum. Officiis veniam et sint minus maiores maxime.', 1, '2018-03-26 11:50:14', '2018-03-26 11:50:14'),
(214, 40, 'Mona Smitham', 'Inventore blanditiis expedita quisquam repellat ducimus. Tempora odio et optio itaque similique reprehenderit explicabo aliquam. Consequatur officiis sit incidunt dolore.', 1, '2018-03-26 11:50:14', '2018-03-26 11:50:14'),
(215, 42, 'Garfield Muller', 'Earum aliquid omnis sequi voluptate velit. Placeat fugit incidunt facere voluptatum fugit quae. In non excepturi aut cumque ut unde. Optio animi voluptatum sapiente. Iusto quibusdam qui consequatur sequi ea fuga qui.', 0, '2018-03-26 11:50:14', '2018-03-26 11:50:14'),
(216, 4, 'Era Dooley', 'Rerum qui veniam suscipit qui aut magnam. Doloribus perferendis ducimus saepe aut est ut asperiores. Perspiciatis corrupti doloribus dignissimos.', 4, '2018-03-26 11:50:14', '2018-03-26 11:50:14'),
(217, 25, 'Ms. Mireya Murazik Jr.', 'Aut distinctio reprehenderit aspernatur aliquam cupiditate fuga. Aut dicta expedita dolorem impedit blanditiis rerum minima. Cum saepe beatae dolorum assumenda repudiandae ut.', 5, '2018-03-26 11:50:14', '2018-03-26 11:50:14'),
(218, 17, 'Thora Harris', 'Et qui occaecati natus aspernatur. Et quam ducimus nemo deleniti corporis expedita. Rerum dignissimos quo eligendi qui quia magnam asperiores. Reiciendis laboriosam quis itaque sed velit praesentium.', 0, '2018-03-26 11:50:14', '2018-03-26 11:50:14'),
(219, 47, 'Madalyn Durgan', 'Qui itaque aut vel aperiam. Dicta vel quisquam mollitia eum esse. Odit sunt ut impedit aut voluptates. Est animi temporibus vitae.', 2, '2018-03-26 11:50:14', '2018-03-26 11:50:14'),
(220, 1, 'Mr. Ray Streich', 'Dolor in qui placeat et impedit. Facere animi magnam dignissimos consequatur enim totam. Et quasi aperiam qui quis vero est.', 0, '2018-03-26 11:50:15', '2018-03-26 11:50:15'),
(221, 5, 'Mr. Darwin Renner I', 'Nihil accusantium vero repellat quos pariatur qui nobis. Cumque assumenda est ex mollitia sit. At facere laborum est nulla alias. Rerum recusandae sit aut vitae.', 4, '2018-03-26 11:50:15', '2018-03-26 11:50:15'),
(222, 30, 'Violet Reilly', 'Rem est laboriosam incidunt nisi ut laborum accusantium. Incidunt est qui doloribus illum autem quis et. Commodi quia qui sint eum quis recusandae distinctio.', 4, '2018-03-26 11:50:15', '2018-03-26 11:50:15'),
(223, 41, 'Dr. Matilde Hickle', 'Aut incidunt delectus nemo laudantium aliquid. Dolorem odit sed ipsa debitis. Nemo nobis itaque qui et porro. Repudiandae id quos minima soluta quasi est. Vitae consequatur non autem autem animi et et molestiae.', 2, '2018-03-26 11:50:15', '2018-03-26 11:50:15'),
(224, 1, 'Fausto Ryan', 'Et reiciendis numquam quidem. Nostrum similique excepturi ex vel sunt asperiores est. Magnam nam ut ipsa praesentium voluptatem aut.', 1, '2018-03-26 11:50:15', '2018-03-26 11:50:15'),
(225, 11, 'Dr. Mike Cummings DVM', 'Ratione totam et sit autem aut adipisci voluptatum cupiditate. Vero blanditiis cumque molestiae quia tenetur. Autem quia quaerat est labore quod esse sed.', 0, '2018-03-26 11:50:15', '2018-03-26 11:50:15'),
(226, 11, 'Kiera Prosacco', 'Sed rerum possimus temporibus praesentium occaecati repudiandae eum. Et harum porro blanditiis beatae provident qui iusto. Et mollitia et labore provident nihil animi repellendus earum.', 3, '2018-03-26 11:50:15', '2018-03-26 11:50:15'),
(227, 28, 'Mr. Magnus Schmidt', 'Ut vel omnis ullam perferendis. Repudiandae molestiae vitae dignissimos culpa perferendis iste voluptates aliquam. Iste sit soluta sit sed dolor ratione.', 1, '2018-03-26 11:50:15', '2018-03-26 11:50:15'),
(228, 37, 'Annalise Price', 'Optio ullam et recusandae dolore exercitationem laboriosam impedit. Reprehenderit ab perferendis quasi nesciunt cum cumque reiciendis modi. Vero consectetur rerum voluptatem excepturi.', 5, '2018-03-26 11:50:15', '2018-03-26 11:50:15'),
(229, 30, 'Joseph Hayes', 'Ab sint sit ab. Dolore eum non iure ab similique. Et sunt aperiam qui culpa velit illum accusantium.', 0, '2018-03-26 11:50:15', '2018-03-26 11:50:15'),
(230, 15, 'Emma Hyatt IV', 'Ducimus unde eos consequatur at voluptatem similique. Aspernatur illo id quam. Repellendus qui debitis voluptas reiciendis soluta voluptatum fugit. Reiciendis vel quos dignissimos ullam.', 4, '2018-03-26 11:50:15', '2018-03-26 11:50:15'),
(231, 16, 'Hortense Mosciski II', 'Nam eaque exercitationem corporis aliquid nam libero soluta est. Non quis consequatur dolor vel neque. Ut recusandae unde saepe sunt et.', 3, '2018-03-26 11:50:15', '2018-03-26 11:50:15'),
(232, 4, 'Alessia Bernier', 'Iure distinctio rem eum voluptatem. Quibusdam quod quia voluptatem id mollitia quia. A voluptas est non voluptas. Est dolorem qui laudantium nam. Inventore hic rerum non.', 4, '2018-03-26 11:50:15', '2018-03-26 11:50:15'),
(233, 24, 'Irwin Feeney', 'Et aut et tempora tempora consequatur ipsam nihil. Maiores magnam ut aliquam dolores. Commodi laborum nisi autem culpa. Distinctio architecto ab similique consequuntur.', 5, '2018-03-26 11:50:15', '2018-03-26 11:50:15'),
(234, 39, 'Claudia Rath IV', 'Dignissimos laboriosam fuga impedit quo nesciunt. Modi atque aut maiores aliquam dignissimos.', 0, '2018-03-26 11:50:15', '2018-03-26 11:50:15'),
(235, 22, 'Prof. Lesley Schiller I', 'Unde similique vel vitae omnis minima temporibus quod. Tenetur consectetur culpa soluta optio. Sed est ipsam corporis cupiditate. Qui ullam quis provident magni voluptate.', 4, '2018-03-26 11:50:15', '2018-03-26 11:50:15'),
(236, 48, 'Ms. Bianka Daugherty', 'Ipsum perferendis quaerat numquam dolorem dolor qui a. Aliquam ad eum sed magnam quia. Possimus consequatur aut omnis occaecati esse aliquid. Mollitia aspernatur numquam et nemo aliquam corporis.', 3, '2018-03-26 11:50:15', '2018-03-26 11:50:15'),
(237, 49, 'George Kassulke III', 'Quo voluptatibus eum asperiores id. Deserunt debitis sed dolorem veritatis rerum labore voluptatem. Sunt libero ratione soluta et ut voluptatibus possimus ipsum. Quia quis illum deleniti ut illum.', 2, '2018-03-26 11:50:15', '2018-03-26 11:50:15'),
(238, 47, 'Skye Hodkiewicz', 'Quo vel non at adipisci. Dicta minus at et et odio consectetur. Qui eligendi necessitatibus autem et omnis voluptas rerum. Voluptas amet nihil cum.', 2, '2018-03-26 11:50:15', '2018-03-26 11:50:15'),
(239, 38, 'Ms. Yadira Flatley', 'Qui omnis aut quidem necessitatibus aut quis. Est perferendis veritatis blanditiis provident iste. Quas totam nesciunt eos.', 0, '2018-03-26 11:50:15', '2018-03-26 11:50:15'),
(240, 18, 'Dr. Aliya Boyle', 'Quos non eligendi qui aut voluptatem iusto aut. Expedita eius molestiae rem nesciunt quia a totam. Velit sint nihil et quos iure ducimus.', 2, '2018-03-26 11:50:15', '2018-03-26 11:50:15'),
(241, 5, 'Cleora Klein', 'Recusandae debitis sed numquam qui animi id nemo. Molestiae cum voluptatem voluptatem porro enim ex eveniet. Vel nostrum reiciendis occaecati quod.', 0, '2018-03-26 11:50:15', '2018-03-26 11:50:15'),
(242, 22, 'Rodolfo Rice', 'Omnis quaerat accusantium et quisquam provident culpa. Earum voluptatem ut similique. Ex officia et facere perferendis. Commodi voluptatem non qui qui vel et.', 0, '2018-03-26 11:50:15', '2018-03-26 11:50:15'),
(243, 45, 'Kelli Gutmann', 'Qui facere magnam corporis quibusdam rerum alias ab qui. Ut ex aspernatur ut. Numquam ullam quidem eligendi adipisci dolor. Asperiores nihil aut odio sint sed.', 0, '2018-03-26 11:50:15', '2018-03-26 11:50:15'),
(244, 42, 'Mireille Skiles', 'Totam quibusdam eos nostrum quos dolorum omnis. Est saepe reiciendis voluptate sit praesentium asperiores. Cupiditate amet id eum vitae earum cupiditate architecto. Magni fugiat odio magni expedita quis dicta.', 1, '2018-03-26 11:50:15', '2018-03-26 11:50:15'),
(245, 35, 'Dr. Roy Ruecker', 'Natus aut ratione suscipit ipsam et nam. Dolorum quod facere ratione aspernatur ad. Suscipit enim quibusdam eius dolores qui tempore incidunt qui. Architecto quia consectetur dolor voluptatum et.', 4, '2018-03-26 11:50:15', '2018-03-26 11:50:15'),
(246, 9, 'Waldo Veum DVM', 'Voluptatem in repudiandae sit qui unde officia doloremque aut. Quod qui corporis et nisi asperiores qui. Nam enim consequatur et. Rerum nobis dolore eius distinctio est dicta qui.', 2, '2018-03-26 11:50:16', '2018-03-26 11:50:16'),
(247, 23, 'Keagan Nader', 'Et dolorem dolorem repudiandae et est placeat aut. Qui inventore fugit soluta. At ut et adipisci velit non hic voluptates exercitationem. Molestiae est nihil tempora qui eos.', 1, '2018-03-26 11:50:16', '2018-03-26 11:50:16'),
(248, 31, 'Prof. Zetta Altenwerth DDS', 'Sequi dicta ea hic consequuntur omnis beatae. Deserunt consequuntur harum dolor consectetur minima. Deleniti autem quam beatae neque ut aut omnis voluptas.', 3, '2018-03-26 11:50:16', '2018-03-26 11:50:16'),
(249, 36, 'Viola Cummerata MD', 'Nulla voluptatem dolorem vel numquam sed. Rerum magnam eligendi accusantium similique dolores. Est neque necessitatibus delectus magni et repellendus unde. Et dolore quam voluptate rerum.', 5, '2018-03-26 11:50:16', '2018-03-26 11:50:16'),
(250, 49, 'Skyla Gislason', 'Soluta qui et voluptatum. Alias commodi iste laboriosam sint ab natus eius. Odit non temporibus voluptatibus eveniet.', 2, '2018-03-26 11:50:16', '2018-03-26 11:50:16'),
(251, 37, 'Brandt Emard', 'Numquam aut molestiae voluptate quod optio quisquam. Earum qui consequatur quam nam fuga. Dolor aliquam sunt corrupti sequi repellat. Sint saepe numquam voluptatem.', 2, '2018-03-26 11:50:16', '2018-03-26 11:50:16'),
(252, 36, 'Yadira Williamson', 'Sed ut tempore quis eligendi molestias. Harum non dolores sunt debitis blanditiis mollitia.', 4, '2018-03-26 11:50:16', '2018-03-26 11:50:16'),
(253, 37, 'Cassie Schumm', 'Architecto similique quis quaerat non. Ipsa ut voluptas sint eos nulla nisi. Sapiente nisi voluptas dolorum. Eum nam qui accusamus rem omnis.', 2, '2018-03-26 11:50:16', '2018-03-26 11:50:16'),
(254, 49, 'Eloisa Lemke II', 'Unde assumenda dolores quis rerum. Nihil qui praesentium optio. Alias a est veritatis quod ea. Blanditiis quis tempore aliquam placeat nesciunt aperiam deserunt et.', 2, '2018-03-26 11:50:16', '2018-03-26 11:50:16'),
(255, 1, 'Isac Monahan', 'Corrupti exercitationem iure et a aut nostrum est. Et repudiandae nulla nostrum blanditiis. Et itaque vitae dolores et harum illo dolorem. Eum asperiores iusto itaque libero.', 3, '2018-03-26 11:50:16', '2018-03-26 11:50:16'),
(256, 36, 'Lia Hahn I', 'Ducimus aliquam non similique nam ipsam vero. Rerum quaerat labore aut corrupti. Omnis et labore a et facere quasi.', 0, '2018-03-26 11:50:16', '2018-03-26 11:50:16'),
(257, 22, 'Terrence Cassin', 'Nisi natus repudiandae occaecati amet quas. Excepturi blanditiis quaerat dolores ea. Qui necessitatibus aut fugit dignissimos.', 1, '2018-03-26 11:50:16', '2018-03-26 11:50:16'),
(258, 49, 'Ms. Ettie Gleason III', 'Nobis maiores rerum totam aperiam dicta ipsam autem. Voluptas fuga distinctio ab sit quia aperiam dolores. Atque accusamus occaecati laudantium ut aliquid. Et quae qui et molestias est ea. Quod autem quo cumque omnis laborum qui quisquam.', 3, '2018-03-26 11:50:16', '2018-03-26 11:50:16'),
(259, 20, 'Amira Lesch', 'Sunt tempore molestias aut optio esse laudantium. Excepturi dolores accusantium neque praesentium dolorem quas sit exercitationem. Et consectetur ut quis quis.', 2, '2018-03-26 11:50:16', '2018-03-26 11:50:16'),
(260, 2, 'Dannie Prosacco', 'Sed recusandae atque autem accusamus rerum doloremque. Aut qui alias eum aliquam dignissimos ducimus pariatur. Quaerat voluptatem consequatur ipsum iste pariatur. Vitae consequatur dolorem voluptate rerum laboriosam.', 2, '2018-03-26 11:50:16', '2018-03-26 11:50:16'),
(261, 26, 'Aurore Erdman', 'Velit tenetur iste ex earum non excepturi. Incidunt non id corrupti assumenda expedita.', 0, '2018-03-26 11:50:16', '2018-03-26 11:50:16'),
(262, 40, 'Aliya Torphy IV', 'Est qui rerum totam in et. Et nulla dolores voluptatum consequatur consequuntur. Asperiores ab deleniti ut facere.', 5, '2018-03-26 11:50:16', '2018-03-26 11:50:16'),
(263, 25, 'Ms. Olga Weber II', 'Molestias beatae numquam sit quis quia laboriosam. Accusantium velit a est pariatur. Architecto tempore ipsam voluptates a.', 3, '2018-03-26 11:50:16', '2018-03-26 11:50:16'),
(264, 34, 'Buck Greenholt I', 'Asperiores enim omnis ut tempore rem est. Qui earum deleniti laudantium. Ut ex ipsam dolores reiciendis nisi aut.', 0, '2018-03-26 11:50:16', '2018-03-26 11:50:16'),
(265, 11, 'Prof. Mervin Howell', 'Accusamus sint ad eos consequatur. Rerum neque sed ut et iusto neque quod laudantium. Maiores et adipisci nihil. Dignissimos exercitationem iusto ad velit deleniti nostrum.', 1, '2018-03-26 11:50:16', '2018-03-26 11:50:16'),
(266, 42, 'Ms. Brionna Walker', 'Magni velit ea quas et et laborum sed. Rerum alias vitae ut consequuntur consequatur asperiores non molestiae. Minima accusantium iste soluta. Voluptas sequi ducimus quis quae quam cumque repellendus.', 5, '2018-03-26 11:50:16', '2018-03-26 11:50:16'),
(267, 14, 'Domenick Wehner', 'Id eum amet neque corporis deserunt laboriosam illo. Praesentium earum voluptatem voluptatem quam maxime deleniti. Numquam velit porro ea et aliquid odio at. Molestias vitae tempora rerum omnis.', 0, '2018-03-26 11:50:16', '2018-03-26 11:50:16'),
(268, 36, 'Nyah Fadel', 'Facere soluta quis voluptas quo sint ut. Repellat est ut quo debitis. Ducimus adipisci laudantium beatae asperiores id. Sit sed quibusdam qui aut provident id.', 1, '2018-03-26 11:50:17', '2018-03-26 11:50:17'),
(269, 8, 'Sarah Parisian', 'Perspiciatis aut cum dicta quis sit consectetur et placeat. Animi corporis consequatur sed dolores.', 4, '2018-03-26 11:50:17', '2018-03-26 11:50:17'),
(270, 7, 'Elton Nikolaus', 'Dolorem est nemo minima voluptatum et. Amet quibusdam vero laborum voluptates voluptates deserunt enim. Non quos tenetur non. Corrupti ad eaque non amet velit.', 2, '2018-03-26 11:50:17', '2018-03-26 11:50:17'),
(271, 26, 'Lavina Wyman', 'Autem nostrum minima quis dolor nulla corrupti ea. Quis aliquid vitae voluptates cupiditate porro ut. Eligendi commodi et nostrum ut in. Cupiditate dolorem quasi et expedita minima quae modi.', 4, '2018-03-26 11:50:17', '2018-03-26 11:50:17'),
(272, 11, 'Mr. Demario Kulas MD', 'Vero repellendus quidem neque id adipisci libero porro. Non recusandae adipisci nulla harum at. Fuga sapiente odit consequatur omnis ipsum veritatis.', 3, '2018-03-26 11:50:17', '2018-03-26 11:50:17'),
(273, 17, 'Prof. Lionel Parker II', 'Molestiae sunt reprehenderit velit et. Quas quidem amet ea architecto molestias error. Dolorum nam accusamus ut perspiciatis nesciunt aspernatur. Voluptatem occaecati modi commodi voluptas.', 4, '2018-03-26 11:50:17', '2018-03-26 11:50:17'),
(274, 40, 'Prof. Edison McLaughlin II', 'Totam sapiente in sed praesentium eligendi ex reiciendis. Est libero quo inventore minima pariatur laborum autem est. Ducimus nulla id officia ipsam et aut. Accusantium optio temporibus quo iure quia sint veniam.', 5, '2018-03-26 11:50:17', '2018-03-26 11:50:17'),
(275, 36, 'Morton Thompson', 'Praesentium unde et quibusdam impedit vel nesciunt. Quasi suscipit aperiam rerum rerum sunt nobis suscipit. Ea est eveniet rerum non corporis ut.', 5, '2018-03-26 11:50:17', '2018-03-26 11:50:17'),
(276, 11, 'Mr. Cristopher Morissette', 'Ut illo corporis nobis. Veritatis tempora expedita eveniet. Quam nihil voluptatum iste quod assumenda autem.', 2, '2018-03-26 11:50:17', '2018-03-26 11:50:17'),
(277, 19, 'Miss Aglae Von', 'Corrupti perferendis aliquam odio beatae. Ut maxime maxime in. Repudiandae quia eos mollitia eveniet accusantium. Adipisci perferendis inventore voluptatem quae doloribus. Architecto deserunt dolorem consequuntur unde qui.', 0, '2018-03-26 11:50:17', '2018-03-26 11:50:17'),
(278, 8, 'Miss Sydnie Zulauf PhD', 'Cumque eveniet odio tempora quos eum alias officiis. Fugiat autem natus aut quis.', 3, '2018-03-26 11:50:17', '2018-03-26 11:50:17'),
(279, 26, 'Keaton Hansen', 'Ipsa qui nihil dignissimos fugiat beatae. Vero tenetur voluptatem ad et vel neque quod iste. Earum dolor dolorem perferendis nulla sed.', 0, '2018-03-26 11:50:17', '2018-03-26 11:50:17'),
(280, 16, 'Nova Sauer', 'Ad libero rerum nostrum ut ratione laborum. Eos ea qui explicabo temporibus atque ipsam nihil. Optio nobis est aut pariatur ea. Velit quo quis deserunt et omnis ut voluptatem.', 5, '2018-03-26 11:50:17', '2018-03-26 11:50:17'),
(281, 25, 'Fletcher Langosh', 'Voluptas dolor consectetur maxime aperiam. Neque aut voluptatem ipsum est enim. Et rem voluptas voluptatem quos et maxime.', 1, '2018-03-26 11:50:17', '2018-03-26 11:50:17'),
(282, 49, 'Miss Phyllis Hilll', 'Eum repellat cum error culpa fugit. Eveniet modi consequuntur aut velit ut. Rerum culpa animi rerum id ea sit rerum. Laboriosam quia velit distinctio dolore similique quo.', 2, '2018-03-26 11:50:17', '2018-03-26 11:50:17'),
(283, 31, 'Guy Rau V', 'Facere deleniti et provident quas. Et aut ut laborum reprehenderit aperiam tenetur repellendus. Et voluptas aspernatur cupiditate sunt deserunt facere odio.', 4, '2018-03-26 11:50:17', '2018-03-26 11:50:17'),
(284, 14, 'Dr. Christy Stracke Sr.', 'Et non aliquam dolor cumque numquam error. Et consequatur veniam similique eos. Unde sapiente distinctio deserunt suscipit nostrum quia.', 0, '2018-03-26 11:50:17', '2018-03-26 11:50:17'),
(285, 43, 'Dr. Mireya Corwin', 'Qui nihil vel facilis at veritatis ut perspiciatis. Provident veritatis voluptas reiciendis nostrum ut quia maiores harum. Id dicta velit perspiciatis voluptas. Id ad vitae vero distinctio excepturi maxime. Eaque dolor repellendus enim velit ducimus.', 2, '2018-03-26 11:50:17', '2018-03-26 11:50:17'),
(286, 45, 'Alanis Stark', 'Est et ducimus quia autem qui porro. Ducimus odio eos sed quaerat et sunt. Labore quae enim et porro necessitatibus delectus placeat ratione.', 5, '2018-03-26 11:50:17', '2018-03-26 11:50:17'),
(287, 48, 'Nat Emmerich', 'Occaecati sapiente voluptatem quia at in ut. Quos et natus esse minus rerum officia non. Rerum non vitae id aperiam. Totam tenetur ex vel totam repudiandae exercitationem expedita.', 4, '2018-03-26 11:50:17', '2018-03-26 11:50:17'),
(288, 42, 'Kirsten Waelchi', 'Labore tempore earum quis consectetur. Harum tempore voluptas laborum ea. Delectus autem incidunt voluptatem eum ut labore.', 3, '2018-03-26 11:50:17', '2018-03-26 11:50:17'),
(289, 26, 'Craig Pollich', 'Fuga asperiores libero impedit sit eos. Sequi voluptatem voluptas odio hic maiores fugiat dicta. Nihil nemo beatae labore quos.', 5, '2018-03-26 11:50:17', '2018-03-26 11:50:17'),
(290, 18, 'Joaquin Ullrich', 'Consequatur facere consequuntur incidunt rerum enim illo nulla. Molestiae ducimus earum soluta debitis. Commodi voluptates possimus enim quidem vitae omnis corrupti.', 1, '2018-03-26 11:50:17', '2018-03-26 11:50:17'),
(291, 14, 'Josiane Hand', 'Praesentium culpa magni sint ipsa mollitia rerum. Sunt dicta molestiae quasi iure. Vel aliquam dolores voluptatem pariatur. Odio minus culpa voluptatem est.', 0, '2018-03-26 11:50:17', '2018-03-26 11:50:17'),
(292, 31, 'Mrs. Annie Harris', 'Et voluptatem ullam ut perspiciatis laborum neque esse. Dolores velit eos vel. Eum fugit sint unde eligendi facilis ducimus.', 5, '2018-03-26 11:50:17', '2018-03-26 11:50:17'),
(293, 48, 'Torrance Crona III', 'Tenetur adipisci ipsum cum iusto distinctio earum. Culpa necessitatibus qui sunt et. Quibusdam et excepturi iste facilis sed suscipit. Quisquam quibusdam voluptates similique id et natus.', 2, '2018-03-26 11:50:17', '2018-03-26 11:50:17'),
(294, 12, 'Beulah Hilpert', 'Ullam sint velit ratione pariatur. Autem facere sapiente dolorem et dolor. Nihil qui sint ea delectus a in nam et. Sapiente consectetur dolor et veniam recusandae nisi aut.', 2, '2018-03-26 11:50:18', '2018-03-26 11:50:18'),
(295, 33, 'Efrain Gutkowski', 'Ex quam ullam autem adipisci recusandae quaerat. Blanditiis sint rem maxime quia. Perferendis voluptas inventore illo nihil quasi atque. Iure voluptatibus reiciendis in voluptatem consequatur.', 3, '2018-03-26 11:50:18', '2018-03-26 11:50:18'),
(296, 13, 'Sandy Terry', 'Nihil necessitatibus maxime earum quis. Laudantium molestias facilis porro aut ut tempora est. Adipisci recusandae voluptate perferendis reiciendis suscipit. Doloribus ipsam voluptas eius debitis molestias et.', 4, '2018-03-26 11:50:18', '2018-03-26 11:50:18'),
(297, 7, 'Carmela Bosco', 'Accusantium et libero ut facere aliquid velit fugit. Repellat sint incidunt adipisci cum enim beatae. Ex cupiditate illum et architecto ut. Reiciendis voluptatem sed ut magnam beatae voluptatem recusandae consectetur.', 2, '2018-03-26 11:50:18', '2018-03-26 11:50:18'),
(298, 26, 'Miss Ozella Ritchie II', 'Dicta minima harum iste est quis ut. Veniam explicabo vel inventore et excepturi. Et asperiores voluptatem rerum omnis velit ut. Maxime autem sit qui deserunt.', 1, '2018-03-26 11:50:18', '2018-03-26 11:50:18'),
(299, 3, 'Clare Towne', 'Debitis et et maiores vel ex et. Repellendus sit asperiores ut id. Consequatur qui consequuntur ipsam dicta voluptatum totam.', 0, '2018-03-26 11:50:18', '2018-03-26 11:50:18'),
(300, 20, 'Lemuel Mertz', 'Quis est id voluptates doloribus natus maxime ut. Quisquam saepe voluptatem temporibus natus recusandae commodi. Ut voluptatem ad voluptate nobis animi aut ipsam numquam. Ullam quisquam optio expedita amet tenetur doloremque. Cupiditate sed velit quo voluptatem quasi ut pariatur.', 4, '2018-03-26 11:50:18', '2018-03-26 11:50:18');

-- --------------------------------------------------------

--
-- Table structure for table `users`
--

CREATE TABLE `users` (
  `id` int(10) UNSIGNED NOT NULL,
  `name` varchar(191) COLLATE utf8mb4_unicode_ci NOT NULL,
  `email` varchar(191) COLLATE utf8mb4_unicode_ci NOT NULL,
  `password` varchar(191) COLLATE utf8mb4_unicode_ci NOT NULL,
  `remember_token` varchar(100) COLLATE utf8mb4_unicode_ci DEFAULT NULL,
  `created_at` timestamp NULL DEFAULT NULL,
  `updated_at` timestamp NULL DEFAULT NULL
) ENGINE=InnoDB DEFAULT CHARSET=utf8mb4 COLLATE=utf8mb4_unicode_ci;

--
-- Dumping data for table `users`
--

INSERT INTO `users` (`id`, `name`, `email`, `password`, `remember_token`, `created_at`, `updated_at`) VALUES
(1, 'Renee Kiehn', 'ruthe90@example.com', '$2y$10$TKh8H1.PfQx37YgCzwiKb.KjNyWgaHb9cbcoQgdIVFlYg7B77UdFm', 'QJgqJ7Jn7I', '2018-03-26 11:48:51', '2018-03-26 11:48:51'),
(2, 'Ms. Maymie Thompson DDS', 'oconnell.adolf@example.net', '$2y$10$TKh8H1.PfQx37YgCzwiKb.KjNyWgaHb9cbcoQgdIVFlYg7B77UdFm', 'pYDtYWGdTS', '2018-03-26 11:48:51', '2018-03-26 11:48:51'),
(3, 'Keven Huels', 'chessel@example.com', '$2y$10$TKh8H1.PfQx37YgCzwiKb.KjNyWgaHb9cbcoQgdIVFlYg7B77UdFm', 'igayxmnFrY', '2018-03-26 11:48:51', '2018-03-26 11:48:51'),
(4, 'Aurelio Little', 'mhoppe@example.net', '$2y$10$TKh8H1.PfQx37YgCzwiKb.KjNyWgaHb9cbcoQgdIVFlYg7B77UdFm', 'pCrqnqrfje', '2018-03-26 11:48:51', '2018-03-26 11:48:51'),
(5, 'Adelle Fahey Jr.', 'jcronin@example.net', '$2y$10$TKh8H1.PfQx37YgCzwiKb.KjNyWgaHb9cbcoQgdIVFlYg7B77UdFm', 'bTkGZI4yxX', '2018-03-26 11:48:51', '2018-03-26 11:48:51'),
(6, 'Emery Wunsch', 'lia.vonrueden@example.org', '$2y$10$TKh8H1.PfQx37YgCzwiKb.KjNyWgaHb9cbcoQgdIVFlYg7B77UdFm', 'cEkT1c9Xds', '2018-03-26 11:50:03', '2018-03-26 11:50:03'),
(7, 'Prof. Kristin Gaylord', 'nadia93@example.net', '$2y$10$TKh8H1.PfQx37YgCzwiKb.KjNyWgaHb9cbcoQgdIVFlYg7B77UdFm', 'a2JEG8A848', '2018-03-26 11:50:03', '2018-03-26 11:50:03'),
(8, 'Edgar Schaefer', 'grant.jakubowski@example.net', '$2y$10$TKh8H1.PfQx37YgCzwiKb.KjNyWgaHb9cbcoQgdIVFlYg7B77UdFm', 'Ikr59uDGUY', '2018-03-26 11:50:03', '2018-03-26 11:50:03'),
(9, 'Brandon Kohler III', 'kwatsica@example.org', '$2y$10$TKh8H1.PfQx37YgCzwiKb.KjNyWgaHb9cbcoQgdIVFlYg7B77UdFm', 'r5SEKE5wT5', '2018-03-26 11:50:03', '2018-03-26 11:50:03'),
(10, 'Dr. Marge Hoeger', 'gaylord.danyka@example.com', '$2y$10$TKh8H1.PfQx37YgCzwiKb.KjNyWgaHb9cbcoQgdIVFlYg7B77UdFm', '4Pk2bUdREU', '2018-03-26 11:50:03', '2018-03-26 11:50:03');

--
-- Indexes for dumped tables
--

--
-- Indexes for table `migrations`
--
ALTER TABLE `migrations`
  ADD PRIMARY KEY (`id`);

--
-- Indexes for table `oauth_access_tokens`
--
ALTER TABLE `oauth_access_tokens`
  ADD PRIMARY KEY (`id`),
  ADD KEY `oauth_access_tokens_user_id_index` (`user_id`);

--
-- Indexes for table `oauth_auth_codes`
--
ALTER TABLE `oauth_auth_codes`
  ADD PRIMARY KEY (`id`);

--
-- Indexes for table `oauth_clients`
--
ALTER TABLE `oauth_clients`
  ADD PRIMARY KEY (`id`),
  ADD KEY `oauth_clients_user_id_index` (`user_id`);

--
-- Indexes for table `oauth_personal_access_clients`
--
ALTER TABLE `oauth_personal_access_clients`
  ADD PRIMARY KEY (`id`),
  ADD KEY `oauth_personal_access_clients_client_id_index` (`client_id`);

--
-- Indexes for table `oauth_refresh_tokens`
--
ALTER TABLE `oauth_refresh_tokens`
  ADD PRIMARY KEY (`id`),
  ADD KEY `oauth_refresh_tokens_access_token_id_index` (`access_token_id`);

--
-- Indexes for table `password_resets`
--
ALTER TABLE `password_resets`
  ADD KEY `password_resets_email_index` (`email`);

--
-- Indexes for table `products`
--
ALTER TABLE `products`
  ADD PRIMARY KEY (`id`),
  ADD KEY `products_user_id_index` (`user_id`);

--
-- Indexes for table `reviews`
--
ALTER TABLE `reviews`
  ADD PRIMARY KEY (`id`),
  ADD KEY `reviews_product_id_index` (`product_id`);

--
-- Indexes for table `users`
--
ALTER TABLE `users`
  ADD PRIMARY KEY (`id`),
  ADD UNIQUE KEY `users_email_unique` (`email`);

--
-- AUTO_INCREMENT for dumped tables
--

--
-- AUTO_INCREMENT for table `migrations`
--
ALTER TABLE `migrations`
  MODIFY `id` int(10) UNSIGNED NOT NULL AUTO_INCREMENT, AUTO_INCREMENT=19;

--
-- AUTO_INCREMENT for table `oauth_clients`
--
ALTER TABLE `oauth_clients`
  MODIFY `id` int(10) UNSIGNED NOT NULL AUTO_INCREMENT;

--
-- AUTO_INCREMENT for table `oauth_personal_access_clients`
--
ALTER TABLE `oauth_personal_access_clients`
  MODIFY `id` int(10) UNSIGNED NOT NULL AUTO_INCREMENT;

--
-- AUTO_INCREMENT for table `products`
--
ALTER TABLE `products`
  MODIFY `id` int(10) UNSIGNED NOT NULL AUTO_INCREMENT, AUTO_INCREMENT=51;

--
-- AUTO_INCREMENT for table `reviews`
--
ALTER TABLE `reviews`
  MODIFY `id` int(10) UNSIGNED NOT NULL AUTO_INCREMENT, AUTO_INCREMENT=301;

--
-- AUTO_INCREMENT for table `users`
--
ALTER TABLE `users`
  MODIFY `id` int(10) UNSIGNED NOT NULL AUTO_INCREMENT, AUTO_INCREMENT=11;

--
-- Constraints for dumped tables
--

--
-- Constraints for table `reviews`
--
ALTER TABLE `reviews`
  ADD CONSTRAINT `reviews_product_id_foreign` FOREIGN KEY (`product_id`) REFERENCES `products` (`id`) ON DELETE CASCADE;
COMMIT;

/*!40101 SET CHARACTER_SET_CLIENT=@OLD_CHARACTER_SET_CLIENT */;
/*!40101 SET CHARACTER_SET_RESULTS=@OLD_CHARACTER_SET_RESULTS */;
/*!40101 SET COLLATION_CONNECTION=@OLD_COLLATION_CONNECTION */;
