-- phpMyAdmin SQL Dump
-- version 4.7.7
-- https://www.phpmyadmin.net/
--
-- Host: 127.0.0.1
-- Generation Time: Mar 24, 2018 at 07:43 PM
-- Server version: 10.1.30-MariaDB
-- PHP Version: 7.2.2

SET SQL_MODE = "NO_AUTO_VALUE_ON_ZERO";
SET AUTOCOMMIT = 0;
START TRANSACTION;
SET time_zone = "+00:00";


/*!40101 SET @OLD_CHARACTER_SET_CLIENT=@@CHARACTER_SET_CLIENT */;
/*!40101 SET @OLD_CHARACTER_SET_RESULTS=@@CHARACTER_SET_RESULTS */;
/*!40101 SET @OLD_COLLATION_CONNECTION=@@COLLATION_CONNECTION */;
/*!40101 SET NAMES utf8mb4 */;

--
-- Database: `moon-api`
--

-- --------------------------------------------------------

--
-- Table structure for table `migrations`
--

CREATE TABLE `migrations` (
  `id` int(10) UNSIGNED NOT NULL,
  `migration` varchar(191) COLLATE utf8mb4_unicode_ci NOT NULL,
  `batch` int(11) NOT NULL
) ENGINE=InnoDB DEFAULT CHARSET=utf8mb4 COLLATE=utf8mb4_unicode_ci;

--
-- Dumping data for table `migrations`
--

INSERT INTO `migrations` (`id`, `migration`, `batch`) VALUES
(1, '2014_10_12_000000_create_users_table', 1),
(2, '2014_10_12_100000_create_password_resets_table', 1),
(3, '2018_03_23_203452_create_products_table', 1),
(4, '2018_03_23_203816_create_reviews_table', 1),
(5, '2016_06_01_000001_create_oauth_auth_codes_table', 2),
(6, '2016_06_01_000002_create_oauth_access_tokens_table', 2),
(7, '2016_06_01_000003_create_oauth_refresh_tokens_table', 2),
(8, '2016_06_01_000004_create_oauth_clients_table', 2),
(9, '2016_06_01_000005_create_oauth_personal_access_clients_table', 2);

-- --------------------------------------------------------

--
-- Table structure for table `oauth_access_tokens`
--

CREATE TABLE `oauth_access_tokens` (
  `id` varchar(100) COLLATE utf8mb4_unicode_ci NOT NULL,
  `user_id` int(11) DEFAULT NULL,
  `client_id` int(11) NOT NULL,
  `name` varchar(191) COLLATE utf8mb4_unicode_ci DEFAULT NULL,
  `scopes` text COLLATE utf8mb4_unicode_ci,
  `revoked` tinyint(1) NOT NULL,
  `created_at` timestamp NULL DEFAULT NULL,
  `updated_at` timestamp NULL DEFAULT NULL,
  `expires_at` datetime DEFAULT NULL
) ENGINE=InnoDB DEFAULT CHARSET=utf8mb4 COLLATE=utf8mb4_unicode_ci;

--
-- Dumping data for table `oauth_access_tokens`
--

INSERT INTO `oauth_access_tokens` (`id`, `user_id`, `client_id`, `name`, `scopes`, `revoked`, `created_at`, `updated_at`, `expires_at`) VALUES
('27b74892b72e9e84169dba1da9fb696d6c0ea73f5b3a0851b79fff94d35056073de38ebb6139ee8f', 1, 2, NULL, '[]', 0, '2018-03-24 13:00:51', '2018-03-24 13:00:51', '2019-03-24 18:30:51');

-- --------------------------------------------------------

--
-- Table structure for table `oauth_auth_codes`
--

CREATE TABLE `oauth_auth_codes` (
  `id` varchar(100) COLLATE utf8mb4_unicode_ci NOT NULL,
  `user_id` int(11) NOT NULL,
  `client_id` int(11) NOT NULL,
  `scopes` text COLLATE utf8mb4_unicode_ci,
  `revoked` tinyint(1) NOT NULL,
  `expires_at` datetime DEFAULT NULL
) ENGINE=InnoDB DEFAULT CHARSET=utf8mb4 COLLATE=utf8mb4_unicode_ci;

-- --------------------------------------------------------

--
-- Table structure for table `oauth_clients`
--

CREATE TABLE `oauth_clients` (
  `id` int(10) UNSIGNED NOT NULL,
  `user_id` int(11) DEFAULT NULL,
  `name` varchar(191) COLLATE utf8mb4_unicode_ci NOT NULL,
  `secret` varchar(100) COLLATE utf8mb4_unicode_ci NOT NULL,
  `redirect` text COLLATE utf8mb4_unicode_ci NOT NULL,
  `personal_access_client` tinyint(1) NOT NULL,
  `password_client` tinyint(1) NOT NULL,
  `revoked` tinyint(1) NOT NULL,
  `created_at` timestamp NULL DEFAULT NULL,
  `updated_at` timestamp NULL DEFAULT NULL
) ENGINE=InnoDB DEFAULT CHARSET=utf8mb4 COLLATE=utf8mb4_unicode_ci;

--
-- Dumping data for table `oauth_clients`
--

INSERT INTO `oauth_clients` (`id`, `user_id`, `name`, `secret`, `redirect`, `personal_access_client`, `password_client`, `revoked`, `created_at`, `updated_at`) VALUES
(1, NULL, 'Laravel Personal Access Client', 'lMrAENXnjx2EhySDqdBSKc1GI9ULRqJTL8kzwxqE', 'http://localhost', 1, 0, 0, '2018-03-24 12:54:58', '2018-03-24 12:54:58'),
(2, NULL, 'Laravel Password Grant Client', 'NGtzDUH3uLkZTPgDe9VEyyc7GzJoEGJP0UkJ5ifM', 'http://localhost', 0, 1, 0, '2018-03-24 12:54:58', '2018-03-24 12:54:58');

-- --------------------------------------------------------

--
-- Table structure for table `oauth_personal_access_clients`
--

CREATE TABLE `oauth_personal_access_clients` (
  `id` int(10) UNSIGNED NOT NULL,
  `client_id` int(11) NOT NULL,
  `created_at` timestamp NULL DEFAULT NULL,
  `updated_at` timestamp NULL DEFAULT NULL
) ENGINE=InnoDB DEFAULT CHARSET=utf8mb4 COLLATE=utf8mb4_unicode_ci;

--
-- Dumping data for table `oauth_personal_access_clients`
--

INSERT INTO `oauth_personal_access_clients` (`id`, `client_id`, `created_at`, `updated_at`) VALUES
(1, 1, '2018-03-24 12:54:58', '2018-03-24 12:54:58');

-- --------------------------------------------------------

--
-- Table structure for table `oauth_refresh_tokens`
--

CREATE TABLE `oauth_refresh_tokens` (
  `id` varchar(100) COLLATE utf8mb4_unicode_ci NOT NULL,
  `access_token_id` varchar(100) COLLATE utf8mb4_unicode_ci NOT NULL,
  `revoked` tinyint(1) NOT NULL,
  `expires_at` datetime DEFAULT NULL
) ENGINE=InnoDB DEFAULT CHARSET=utf8mb4 COLLATE=utf8mb4_unicode_ci;

--
-- Dumping data for table `oauth_refresh_tokens`
--

INSERT INTO `oauth_refresh_tokens` (`id`, `access_token_id`, `revoked`, `expires_at`) VALUES
('622c00ef069a077d9b9663a161da792d305210a8c3f1f216947540c0fc36f2adc5b17102447d86b8', '27b74892b72e9e84169dba1da9fb696d6c0ea73f5b3a0851b79fff94d35056073de38ebb6139ee8f', 0, '2019-03-24 18:30:51');

-- --------------------------------------------------------

--
-- Table structure for table `password_resets`
--

CREATE TABLE `password_resets` (
  `email` varchar(191) COLLATE utf8mb4_unicode_ci NOT NULL,
  `token` varchar(191) COLLATE utf8mb4_unicode_ci NOT NULL,
  `created_at` timestamp NULL DEFAULT NULL
) ENGINE=InnoDB DEFAULT CHARSET=utf8mb4 COLLATE=utf8mb4_unicode_ci;

-- --------------------------------------------------------

--
-- Table structure for table `products`
--

CREATE TABLE `products` (
  `id` int(10) UNSIGNED NOT NULL,
  `name` varchar(191) COLLATE utf8mb4_unicode_ci NOT NULL,
  `detail` text COLLATE utf8mb4_unicode_ci NOT NULL,
  `price` int(11) NOT NULL,
  `stock` int(11) NOT NULL,
  `discount` int(11) NOT NULL,
  `created_at` timestamp NULL DEFAULT NULL,
  `updated_at` timestamp NULL DEFAULT NULL
) ENGINE=InnoDB DEFAULT CHARSET=utf8mb4 COLLATE=utf8mb4_unicode_ci;

--
-- Dumping data for table `products`
--

INSERT INTO `products` (`id`, `name`, `detail`, `price`, `stock`, `discount`, `created_at`, `updated_at`) VALUES
(1, 'quia', 'Est voluptatum vero sed quam. Distinctio ipsam qui et quod sit. Sint harum odit reprehenderit et id tempora dolorem.', 368, 1, 24, '2018-03-23 16:55:59', '2018-03-23 16:55:59'),
(2, 'qui', 'Dolorum omnis magni nulla eum quas quia amet. Autem quibusdam quos adipisci pariatur numquam rerum et. Quo veritatis incidunt adipisci cumque totam nihil ea. Sed facere rerum aut consequatur impedit minus consequatur.', 904, 6, 24, '2018-03-23 16:55:59', '2018-03-23 16:55:59'),
(3, 'dolores', 'Culpa repudiandae temporibus beatae nulla excepturi sit. Ad sint quia minus aliquid. Illum dolor neque aut aliquam excepturi architecto. Est soluta perspiciatis sequi aut neque.', 900, 3, 17, '2018-03-23 16:56:00', '2018-03-23 16:56:00'),
(4, 'non', 'Nesciunt tempora ut sed aut. Est tempora velit sint deleniti eum blanditiis. Esse reprehenderit labore nesciunt sit sed ab voluptas.', 557, 8, 8, '2018-03-23 16:56:00', '2018-03-23 16:56:00'),
(5, 'vero', 'Officia aspernatur ad aut tempore. Eum hic eligendi delectus sed voluptates nulla numquam. Ad labore rerum consectetur aut ipsum esse omnis.', 475, 9, 13, '2018-03-23 16:56:00', '2018-03-23 16:56:00'),
(6, 'quas', 'Quod fugiat nesciunt voluptas et. Placeat odio expedita totam consectetur. Nesciunt quasi tempore aut id facilis est consequatur.', 993, 8, 2, '2018-03-23 16:56:00', '2018-03-23 16:56:00'),
(7, 'perferendis', 'Et voluptatem iste sed perspiciatis suscipit ut. Ut optio praesentium minus beatae beatae. Possimus optio adipisci maxime.', 571, 9, 23, '2018-03-23 16:56:00', '2018-03-23 16:56:00'),
(8, 'harum', 'Cumque perspiciatis eum commodi incidunt. Iste velit quis provident omnis. Officiis cumque ratione error ipsa.', 233, 6, 18, '2018-03-23 16:56:00', '2018-03-23 16:56:00'),
(9, 'nulla', 'Necessitatibus labore quo quo. Culpa dolorum adipisci quaerat et.', 371, 8, 24, '2018-03-23 16:56:00', '2018-03-23 16:56:00'),
(10, 'incidunt', 'Officiis aspernatur quos incidunt omnis. Deserunt illum inventore ut quia placeat suscipit cum aut. Voluptatibus temporibus alias aut placeat.', 282, 6, 8, '2018-03-23 16:56:00', '2018-03-23 16:56:00'),
(11, 'asperiores', 'Nihil commodi libero deserunt cumque error sit. Molestias magnam debitis est eveniet. Eaque minima delectus cupiditate in. A minima dolor consequatur quia ipsa error odit.', 981, 5, 24, '2018-03-23 16:56:00', '2018-03-23 16:56:00'),
(12, 'quidem', 'Molestias omnis qui optio odio et. Rem fugiat officia alias eveniet sit at sit. Sunt illo ut suscipit commodi molestiae deleniti nostrum. Voluptatem similique rem fugiat voluptatem necessitatibus. Voluptate nihil dolorem omnis beatae sunt provident.', 345, 0, 24, '2018-03-23 16:56:00', '2018-03-23 16:56:00'),
(13, 'velit', 'Nisi dolor eos dolorum qui itaque. Unde qui voluptatem temporibus earum ea ullam. Omnis odit facilis non maiores ab.', 806, 5, 30, '2018-03-23 16:56:00', '2018-03-23 16:56:00'),
(14, 'molestias', 'Debitis et illum velit aut dolorem quia. Et sit odit voluptate esse assumenda alias odio. Illo repellat nostrum natus iure. In commodi possimus minus assumenda consequuntur fugit.', 726, 8, 2, '2018-03-23 16:56:00', '2018-03-23 16:56:00'),
(15, 'laborum', 'Exercitationem asperiores doloremque nobis. Molestiae ab dolor id voluptatem qui voluptatem occaecati iusto. Aliquam in perferendis quia ducimus doloribus consectetur molestias. Corrupti quae est animi et libero qui dolor.', 795, 8, 17, '2018-03-23 16:56:00', '2018-03-23 16:56:00'),
(16, 'culpa', 'Earum reiciendis amet in dolor repudiandae consectetur. Omnis ea commodi dolores veritatis nihil magni. Deserunt iusto aperiam temporibus aut culpa dicta reprehenderit. Illum rerum ex numquam cum inventore ab voluptas.', 812, 4, 19, '2018-03-23 16:56:00', '2018-03-23 16:56:00'),
(17, 'recusandae', 'Sunt ab repellendus et facilis nobis. Esse repellat aliquid in quo deserunt quos nihil accusantium. Ut eligendi voluptas laudantium facere. Ullam magnam qui odio molestiae.', 322, 9, 13, '2018-03-23 16:56:00', '2018-03-23 16:56:00'),
(18, 'eaque', 'Quasi sapiente assumenda voluptate quia. Quis ut impedit assumenda aut sunt repudiandae possimus. Veritatis possimus dolore dolorem vel rerum.', 413, 3, 12, '2018-03-23 16:56:00', '2018-03-23 16:56:00'),
(19, 'enim', 'Deserunt numquam dolor sint ad ut. Atque aliquid nisi qui molestiae eos sint. Est unde cumque voluptas enim impedit aut. Ratione nemo aut eaque. Rerum enim eius sunt nostrum suscipit ipsum culpa.', 831, 0, 24, '2018-03-23 16:56:00', '2018-03-23 16:56:00'),
(20, 'ducimus', 'Quis ut expedita laboriosam explicabo labore quas in. Soluta magni accusamus modi modi sapiente qui consequatur. Animi veritatis est totam labore quasi iusto earum.', 412, 0, 29, '2018-03-23 16:56:00', '2018-03-23 16:56:00'),
(21, 'dolorem', 'Non est aspernatur reiciendis eaque delectus. Voluptatem eius quam labore cum. Omnis dolores esse aut omnis atque sint aut.', 494, 0, 22, '2018-03-23 16:56:00', '2018-03-23 16:56:00'),
(22, 'qui', 'Neque placeat quidem corrupti beatae. Sunt officiis rem ut commodi maiores adipisci atque. Repellendus voluptatum qui beatae non non eaque. Non occaecati et sunt animi placeat illo. Qui numquam qui voluptas vitae laboriosam.', 232, 3, 28, '2018-03-23 16:56:00', '2018-03-23 16:56:00'),
(23, 'autem', 'Eveniet quibusdam aliquam unde earum molestiae quas qui. Iusto illo explicabo velit nostrum voluptatem.', 389, 2, 12, '2018-03-23 16:56:00', '2018-03-23 16:56:00'),
(24, 'voluptatem', 'Facere modi enim temporibus temporibus modi nulla. Aut rerum earum voluptatem. Provident dolorum magnam quas esse exercitationem in. Aperiam asperiores sint soluta accusamus consequatur eos doloribus ab.', 353, 4, 12, '2018-03-23 16:56:00', '2018-03-23 16:56:00'),
(25, 'quaerat', 'Pariatur iure consequuntur reprehenderit qui pariatur consequatur. Soluta molestiae enim assumenda magni. Et natus vel ipsum laborum. Nihil minima consequuntur cum architecto quia illum impedit.', 234, 0, 5, '2018-03-23 16:56:00', '2018-03-23 16:56:00'),
(26, 'repudiandae', 'Iste maiores rerum sapiente molestiae officiis est consectetur. Aut minus ut temporibus aut. Iusto est quia laborum aut dolores officiis quos.', 162, 9, 9, '2018-03-23 16:56:00', '2018-03-23 16:56:00'),
(27, 'cumque', 'Enim modi dolorum blanditiis asperiores. Magnam nostrum velit in assumenda. Eaque voluptates fugit similique magnam qui hic tenetur. Dolor voluptas sit velit eveniet aperiam numquam suscipit.', 989, 4, 25, '2018-03-23 16:56:00', '2018-03-23 16:56:00'),
(28, 'libero', 'Nostrum ratione qui tenetur ut aliquid consequatur maxime. Eaque odio officia illo explicabo qui. Qui aut officiis et sit est et quasi qui.', 113, 8, 24, '2018-03-23 16:56:00', '2018-03-23 16:56:00'),
(29, 'nihil', 'Explicabo asperiores eum aperiam. Quibusdam sed dicta dolor culpa tempore in. Ratione laborum distinctio quisquam eveniet commodi ipsam rerum. Eaque natus animi voluptatum.', 491, 6, 15, '2018-03-23 16:56:00', '2018-03-23 16:56:00'),
(30, 'minus', 'Sed et ea voluptatem perferendis. Qui perferendis totam dolorum quam. Culpa quam aut doloribus totam labore voluptas.', 981, 0, 25, '2018-03-23 16:56:01', '2018-03-23 16:56:01'),
(31, 'quos', 'Omnis hic ut quaerat quidem aut voluptas. Debitis ducimus sint aspernatur voluptatem.', 397, 9, 12, '2018-03-23 16:56:01', '2018-03-23 16:56:01'),
(32, 'qui', 'Earum iste libero quidem omnis a sint. Deleniti voluptates sed et quis sequi est inventore dolor. Assumenda voluptatum esse impedit modi aspernatur.', 598, 3, 25, '2018-03-23 16:56:01', '2018-03-23 16:56:01'),
(33, 'sed', 'Nesciunt deleniti porro ut commodi consequuntur. Qui inventore ut sed libero minus non velit. Fugiat inventore perspiciatis omnis omnis veritatis. Dicta fuga blanditiis aperiam quod.', 268, 9, 12, '2018-03-23 16:56:01', '2018-03-23 16:56:01'),
(34, 'sed', 'Ab iure in amet suscipit harum non eos. Et sapiente quo hic quibusdam vel. Quod inventore est veniam. Esse nisi est asperiores ut.', 772, 1, 8, '2018-03-23 16:56:01', '2018-03-23 16:56:01'),
(35, 'cupiditate', 'Impedit asperiores consequatur atque earum. Corporis dolore dolores nisi iusto modi aut. Alias aut repellat nihil totam.', 925, 9, 15, '2018-03-23 16:56:01', '2018-03-23 16:56:01'),
(36, 'molestias', 'Placeat et aspernatur voluptas iure amet excepturi. Non atque enim repellat eum sit sit odit ad. Sit eius omnis dolor incidunt odio harum. Vero ea laborum nobis soluta enim aut.', 630, 3, 2, '2018-03-23 16:56:01', '2018-03-23 16:56:01'),
(37, 'qui', 'Illum et asperiores numquam ut sint et qui. Rerum impedit inventore quas omnis asperiores. Amet harum rerum dolor voluptas. Ut id in sint perspiciatis animi dignissimos aliquid ipsa. Dicta eos velit natus facilis sed eos est asperiores.', 442, 9, 6, '2018-03-23 16:56:01', '2018-03-23 16:56:01'),
(38, 'corporis', 'Quibusdam sint facilis iure neque in. Repellat earum molestias dolor rem aut maiores accusamus. Exercitationem corporis delectus explicabo non laborum.', 486, 0, 29, '2018-03-23 16:56:01', '2018-03-23 16:56:01'),
(39, 'repellat', 'Tempore nemo illo et tempore. Voluptate laborum similique veritatis sequi vel. Amet quis a rerum iusto alias. Reprehenderit autem asperiores quia accusamus.', 713, 4, 16, '2018-03-23 16:56:01', '2018-03-23 16:56:01'),
(40, 'quidem', 'Adipisci quasi voluptates nobis similique incidunt saepe similique. Sunt itaque et animi sunt inventore sit culpa.', 659, 4, 12, '2018-03-23 16:56:01', '2018-03-23 16:56:01'),
(41, 'est', 'Minus ad cumque non ut mollitia. Qui officiis voluptatem et quia provident. Ipsam id amet vitae. Rerum ut nam eos omnis quas omnis aut.', 421, 5, 19, '2018-03-23 16:56:01', '2018-03-23 16:56:01'),
(42, 'ducimus', 'Velit consequatur facilis est. Velit qui aut voluptatem molestias illo est ut. Aut sapiente earum qui omnis optio ab excepturi earum.', 674, 5, 21, '2018-03-23 16:56:01', '2018-03-23 16:56:01'),
(43, 'nulla', 'Consequuntur eius quidem veritatis. Cupiditate asperiores similique aut est deserunt inventore. Consequatur veniam optio vel eos. Nemo illum in et.', 807, 7, 21, '2018-03-23 16:56:01', '2018-03-23 16:56:01'),
(44, 'temporibus', 'Dolorem sit cumque pariatur maiores dicta. Iusto dolores doloribus repellendus sit blanditiis quod error ipsum.', 584, 3, 30, '2018-03-23 16:56:01', '2018-03-23 16:56:01'),
(45, 'voluptas', 'Sit ex culpa voluptatem nulla voluptas magnam a. Dolores eum commodi aut aut hic quibusdam. Porro ab quas alias blanditiis impedit est.', 400, 1, 18, '2018-03-23 16:56:01', '2018-03-23 16:56:01'),
(46, 'minus', 'Aut et omnis ab est dignissimos voluptate. Possimus ut est iure qui praesentium odio ut. Ea perspiciatis ipsa quas quo. Quo cumque dolorum consequatur.', 157, 5, 16, '2018-03-23 16:56:01', '2018-03-23 16:56:01'),
(47, 'dolorum', 'Quas ullam aut repellendus sed mollitia. Laborum dolorem soluta cum nam sunt quam. Quam quaerat aspernatur autem labore reprehenderit.', 518, 2, 24, '2018-03-23 16:56:01', '2018-03-23 16:56:01'),
(48, 'unde', 'Id autem alias beatae cum. Aspernatur esse sunt iure provident sunt sunt. Dolor voluptas omnis culpa ut architecto delectus. Quisquam provident id dolorum est earum voluptas.', 569, 8, 26, '2018-03-23 16:56:01', '2018-03-23 16:56:01'),
(49, 'a', 'Aspernatur ut eos quam cum facilis. Voluptas molestiae dolor at amet repellat quod. Aut voluptatibus facilis vero non dolor non autem. Rerum accusantium et perspiciatis laborum.', 158, 6, 16, '2018-03-23 16:56:01', '2018-03-23 16:56:01'),
(50, 'sit', 'In dolor odit error voluptatum et provident repudiandae. Aliquam fuga nulla et vel sunt nulla non. Aut laboriosam sint est tenetur dolorem.', 777, 2, 7, '2018-03-23 16:56:01', '2018-03-23 16:56:01');

-- --------------------------------------------------------

--
-- Table structure for table `reviews`
--

CREATE TABLE `reviews` (
  `id` int(10) UNSIGNED NOT NULL,
  `product_id` int(10) UNSIGNED NOT NULL,
  `customer` varchar(191) COLLATE utf8mb4_unicode_ci NOT NULL,
  `review` text COLLATE utf8mb4_unicode_ci NOT NULL,
  `star` int(11) NOT NULL,
  `created_at` timestamp NULL DEFAULT NULL,
  `updated_at` timestamp NULL DEFAULT NULL
) ENGINE=InnoDB DEFAULT CHARSET=utf8mb4 COLLATE=utf8mb4_unicode_ci;

--
-- Dumping data for table `reviews`
--

INSERT INTO `reviews` (`id`, `product_id`, `customer`, `review`, `star`, `created_at`, `updated_at`) VALUES
(1, 18, 'Joannie Bartell II', 'Rerum iusto aut exercitationem quod similique eos. Mollitia impedit id harum non qui velit natus vel. Et consequatur laborum reiciendis omnis qui sapiente inventore. Ullam quia recusandae optio cumque aut id voluptatem laudantium.', 5, '2018-03-23 16:56:02', '2018-03-23 16:56:02'),
(2, 7, 'Payton Beatty', 'Optio dolorum explicabo commodi neque nesciunt. Ut quibusdam culpa fugiat iure qui sint omnis. Eveniet non provident quas labore ratione labore ut aut. Ratione quia facilis vero distinctio velit cumque nemo.', 1, '2018-03-23 16:56:02', '2018-03-23 16:56:02'),
(3, 48, 'Vella Lemke V', 'Sit quibusdam dignissimos omnis minima aut nesciunt eius non. Facilis ipsum aut sed suscipit nostrum sed. Occaecati aperiam ipsa veritatis.', 0, '2018-03-23 16:56:02', '2018-03-23 16:56:02'),
(4, 15, 'Camylle Hermiston', 'Adipisci tempore est animi. Veniam sequi debitis reiciendis ex ipsa iste fuga. Velit ab exercitationem necessitatibus enim fugit.', 0, '2018-03-23 16:56:02', '2018-03-23 16:56:02'),
(5, 49, 'Estevan Kub', 'Voluptas alias reiciendis et et corrupti. Rerum enim sapiente veniam laudantium. Modi laudantium commodi ad dolorem. Veritatis aut totam molestiae maxime distinctio voluptatem qui. Eos quisquam consequatur possimus aliquam vel.', 1, '2018-03-23 16:56:02', '2018-03-23 16:56:02'),
(6, 43, 'Mrs. Roxanne Kovacek', 'Quis voluptas cupiditate necessitatibus commodi et. Nostrum accusamus libero illo ut. Reprehenderit sed itaque qui mollitia aut. Nobis eos voluptas sapiente non.', 5, '2018-03-23 16:56:02', '2018-03-23 16:56:02'),
(7, 35, 'Prof. Barrett Walter', 'Eveniet nulla eos officia sint. Consequatur tenetur voluptatibus modi sunt. Eum vel rerum consequatur tempora.', 2, '2018-03-23 16:56:02', '2018-03-23 16:56:02'),
(8, 11, 'Lindsey Grady Sr.', 'Doloremque corrupti consequuntur iste aut. Consectetur ducimus incidunt provident ullam voluptatibus. Aliquid soluta ad in voluptatem nihil maxime. Soluta nostrum sed qui et.', 1, '2018-03-23 16:56:02', '2018-03-23 16:56:02'),
(9, 4, 'Mrs. Mathilde Wiegand PhD', 'Assumenda quis laborum laboriosam magnam et deleniti. Cumque voluptatem accusantium sit sit. Qui aspernatur vero doloremque doloremque cupiditate nesciunt facere qui.', 3, '2018-03-23 16:56:02', '2018-03-23 16:56:02'),
(10, 15, 'Lucie Dicki', 'Recusandae ab nam atque. Et et velit qui eum. Eius deserunt dolorem est nam maxime. Autem voluptatibus magnam sit quia.', 1, '2018-03-23 16:56:02', '2018-03-23 16:56:02'),
(11, 30, 'Amanda Torp', 'Qui tenetur aspernatur quia veniam aut ipsum. Quo delectus autem quia necessitatibus laudantium. Consectetur officiis facere recusandae.', 5, '2018-03-23 16:56:02', '2018-03-23 16:56:02'),
(12, 1, 'Isabell Gaylord', 'Aliquam doloremque illo itaque officia sed. Dolor et esse voluptatem molestiae porro debitis est. Vitae impedit ea voluptatem deserunt. Cumque officia laboriosam cum.', 4, '2018-03-23 16:56:02', '2018-03-23 16:56:02'),
(13, 28, 'Lucinda Schinner', 'Aspernatur veritatis illum iste est voluptatibus est quia. Dolores excepturi facere est. Nihil odit tempora ea. Officiis animi eos animi modi facilis. Quo cupiditate ut dolore voluptatem.', 0, '2018-03-23 16:56:02', '2018-03-23 16:56:02'),
(14, 43, 'Lori Spencer DVM', 'Quo at quas laborum qui corrupti facere. Magnam quasi totam sint ipsum sed quo et. Alias doloribus aut officiis commodi ex.', 3, '2018-03-23 16:56:02', '2018-03-23 16:56:02'),
(15, 2, 'Justine Spinka', 'Fuga eveniet occaecati et. Ut autem impedit modi mollitia cum voluptas.', 2, '2018-03-23 16:56:02', '2018-03-23 16:56:02'),
(16, 27, 'Audra Schamberger MD', 'Rerum cum hic quia voluptas cumque. Et nam quae nobis aut repudiandae sit earum.', 4, '2018-03-23 16:56:02', '2018-03-23 16:56:02'),
(17, 36, 'Rossie Dicki', 'Aut veniam adipisci veniam officiis illum id. Eveniet cumque sed iure earum quibusdam dignissimos. Nihil nisi excepturi vel.', 3, '2018-03-23 16:56:02', '2018-03-23 16:56:02'),
(18, 13, 'Jackson Feil DVM', 'Tenetur quia illo itaque labore architecto omnis. Labore rerum omnis facilis id exercitationem deserunt. Molestiae vero delectus ipsa eum.', 5, '2018-03-23 16:56:02', '2018-03-23 16:56:02'),
(19, 18, 'Miss Sarai Kunze', 'Reiciendis quo eos quia quisquam iure amet architecto. Nulla atque porro provident iste. Voluptatem recusandae dolorum sed velit. Hic perferendis rerum sit non laborum consectetur cumque totam. Explicabo quibusdam est enim tenetur aut ut dignissimos.', 3, '2018-03-23 16:56:02', '2018-03-23 16:56:02'),
(20, 37, 'Makayla Hilpert II', 'Aut cum dolore molestias. Rem iste ullam est et quos et suscipit facilis. Reprehenderit excepturi quis qui modi blanditiis. Sit enim illum consequatur mollitia repudiandae.', 2, '2018-03-23 16:56:02', '2018-03-23 16:56:02'),
(21, 22, 'Prof. Godfrey Bosco Jr.', 'Quasi et veniam beatae odio aut voluptas laboriosam. Suscipit laborum perspiciatis fugit. Et dignissimos vel est non adipisci repellendus sunt. Quia quidem dolorum aut quidem occaecati ex.', 3, '2018-03-23 16:56:02', '2018-03-23 16:56:02'),
(22, 33, 'April Christiansen', 'Magnam velit magnam pariatur tenetur. Quia odit repellendus excepturi et rem. Et ut inventore expedita necessitatibus.', 5, '2018-03-23 16:56:02', '2018-03-23 16:56:02'),
(23, 6, 'Joannie Kautzer', 'Voluptas aliquam reiciendis id. Commodi inventore vel quia fuga numquam.', 5, '2018-03-23 16:56:02', '2018-03-23 16:56:02'),
(24, 3, 'Dr. Herminio Schultz', 'Ut omnis veritatis iste delectus optio possimus ut quos. Similique velit sit nisi consequatur animi magni rerum.', 0, '2018-03-23 16:56:02', '2018-03-23 16:56:02'),
(25, 13, 'Lea Lebsack', 'Totam ea doloribus laboriosam similique et accusamus ut nesciunt. Aut vel ut voluptas est saepe repudiandae sed nesciunt. Exercitationem voluptatem ut sed. Optio quo rerum necessitatibus quisquam doloremque.', 2, '2018-03-23 16:56:03', '2018-03-23 16:56:03'),
(26, 18, 'Mr. Glen Thompson III', 'Rerum minima quaerat excepturi qui et rerum dicta. Numquam veniam quo est. Sed possimus dolorem tempore modi et et. Est quaerat ab minima excepturi.', 0, '2018-03-23 16:56:03', '2018-03-23 16:56:03'),
(27, 15, 'Doug Rohan', 'Omnis officia recusandae possimus iusto aut tempora dolor. Aut porro minima occaecati odio aut voluptatibus dicta. Est iusto soluta ea et numquam excepturi. Provident totam consequatur aut fuga ut.', 1, '2018-03-23 16:56:03', '2018-03-23 16:56:03'),
(28, 23, 'Brooke Hegmann', 'Maiores et possimus molestiae earum eos quia. Fuga id sint qui neque laborum beatae labore.', 5, '2018-03-23 16:56:03', '2018-03-23 16:56:03'),
(29, 45, 'Miss Zella Greenholt', 'Eos omnis nostrum porro pariatur. Explicabo quos voluptas porro. Repellendus est sunt fugit sunt qui.', 4, '2018-03-23 16:56:03', '2018-03-23 16:56:03'),
(30, 33, 'Prof. Willy Fay', 'Hic laudantium quisquam maiores rem. Eos quasi reiciendis enim nulla consequatur et sint. Eum nulla qui ut quo non et.', 3, '2018-03-23 16:56:03', '2018-03-23 16:56:03'),
(31, 26, 'Toney Cartwright Jr.', 'Fuga sit at veritatis consequatur sed perferendis quod. Est autem rerum et placeat aliquid aperiam eos. Soluta corporis dolorem voluptatum aut necessitatibus amet ipsam. Cum totam sequi ut cum atque.', 3, '2018-03-23 16:56:03', '2018-03-23 16:56:03'),
(32, 15, 'Osborne Metz', 'Ratione ex ipsam assumenda est libero minus. Incidunt dolores et fugiat repellat. Dolor consectetur esse explicabo et est inventore non.', 0, '2018-03-23 16:56:03', '2018-03-23 16:56:03'),
(33, 27, 'Prof. Ricardo Kshlerin', 'Id impedit et ut provident voluptatem commodi. Nobis praesentium quos nisi illum impedit sit. Sequi doloremque earum sint dolore debitis doloribus minima.', 2, '2018-03-23 16:56:03', '2018-03-23 16:56:03'),
(34, 48, 'Oren Fay', 'Qui aut commodi omnis officia repudiandae dolor. Voluptate est sed deserunt atque facere dolorem. Illo repudiandae nulla et est. Voluptas minima consequatur maxime quae et dicta.', 3, '2018-03-23 16:56:03', '2018-03-23 16:56:03'),
(35, 14, 'Mrs. Lauren Bogisich Jr.', 'Blanditiis corrupti itaque qui. Numquam aut sit et. Velit et sint enim quisquam eos totam consequatur. Aut nihil quo incidunt magnam esse.', 1, '2018-03-23 16:56:03', '2018-03-23 16:56:03'),
(36, 44, 'Maia Runolfsdottir III', 'Dolorem eum molestiae voluptatibus nisi rem enim perspiciatis aliquam. Aliquam ad quo vitae consectetur.', 1, '2018-03-23 16:56:03', '2018-03-23 16:56:03'),
(37, 2, 'Lorine Jacobson', 'Ut iure voluptas voluptatem. Qui deserunt nobis veritatis nostrum soluta eum sed laborum. Ratione autem deserunt nostrum nesciunt omnis qui. Amet ut eum porro quis odit vitae enim.', 3, '2018-03-23 16:56:03', '2018-03-23 16:56:03'),
(38, 48, 'Mr. Arnulfo Bednar II', 'Sit sit et aut dicta rerum laudantium omnis. Quasi perspiciatis saepe quae cum praesentium natus. Inventore est vel labore ea quo et iste.', 5, '2018-03-23 16:56:03', '2018-03-23 16:56:03'),
(39, 1, 'Raina Bogisich', 'Incidunt neque placeat odio quibusdam officiis id quidem. Tempore dignissimos voluptatem nostrum. Quia eum eaque aspernatur similique atque commodi esse.', 3, '2018-03-23 16:56:03', '2018-03-23 16:56:03'),
(40, 49, 'Dina Beier', 'Ea praesentium voluptas voluptates ad enim magnam. Accusamus nisi quis voluptatem commodi magnam nobis. Et qui nulla nemo dolores deserunt. Vitae reiciendis ipsum harum velit optio ut ex.', 5, '2018-03-23 16:56:03', '2018-03-23 16:56:03'),
(41, 26, 'Miss Mazie Champlin IV', 'Sunt ratione expedita eos eaque. Pariatur rerum ut doloremque numquam. Ipsum distinctio reprehenderit et consequatur et sit quia quibusdam. Sit beatae nihil et eum est perferendis possimus voluptatibus.', 3, '2018-03-23 16:56:03', '2018-03-23 16:56:03'),
(42, 35, 'Dr. Hayley Thiel MD', 'Voluptatem magni voluptates vel ipsam. Quis voluptate in sit blanditiis eius facere in. Quia provident aliquam facilis sed fugiat. Sed tempore aut sunt repudiandae praesentium.', 0, '2018-03-23 16:56:03', '2018-03-23 16:56:03'),
(43, 42, 'Clara Bartell', 'Illum est aliquam in quam adipisci nulla culpa perferendis. Qui maiores iure possimus reprehenderit consequatur dolor. Quia blanditiis optio impedit autem.', 0, '2018-03-23 16:56:03', '2018-03-23 16:56:03'),
(44, 29, 'Malinda Fadel', 'Doloribus ipsam sed in quos ea. Veritatis iusto tempore qui totam voluptas. Omnis dicta id ratione quasi possimus esse.', 0, '2018-03-23 16:56:03', '2018-03-23 16:56:03'),
(45, 42, 'Kirsten Lakin', 'Id quos tenetur quia modi aliquid. Et et ut ut asperiores rerum sint vero. Voluptatibus eum temporibus dolore omnis.', 2, '2018-03-23 16:56:03', '2018-03-23 16:56:03'),
(46, 42, 'Brannon Thiel', 'Earum qui laborum nihil eos unde laborum. Aut mollitia consectetur voluptas eaque illum et maxime.', 5, '2018-03-23 16:56:03', '2018-03-23 16:56:03'),
(47, 31, 'Rick Raynor', 'Culpa inventore consequuntur nobis velit officia est sint. Officia eum consectetur debitis vitae ex itaque velit.', 2, '2018-03-23 16:56:03', '2018-03-23 16:56:03'),
(48, 27, 'Karl Kihn', 'Rem sint provident ad consequatur quos repellat aut. Omnis cupiditate est veniam. Quam et sit consequuntur.', 3, '2018-03-23 16:56:03', '2018-03-23 16:56:03'),
(49, 46, 'Ms. Janelle Schneider MD', 'Architecto velit quia et. Saepe at et fugit animi vel. Temporibus dolores ut laborum.', 2, '2018-03-23 16:56:03', '2018-03-23 16:56:03'),
(50, 43, 'Aylin Veum', 'Aut aut nobis necessitatibus recusandae facere eius aut at. Et odit quia enim voluptas ipsa nulla hic. Est commodi architecto soluta earum non vel. Dolorum nostrum et commodi illum placeat rem.', 2, '2018-03-23 16:56:03', '2018-03-23 16:56:03'),
(51, 40, 'Mr. Guiseppe Altenwerth III', 'Impedit quidem aspernatur voluptatem voluptatem. Eos at exercitationem excepturi id voluptate quo quisquam.', 1, '2018-03-23 16:56:03', '2018-03-23 16:56:03'),
(52, 40, 'Dr. Lorna DuBuque II', 'Quasi aliquid fuga consequuntur aliquid cupiditate. Modi ea dolor modi sit harum sed. Vel libero aut aut dolores. Et quasi deleniti adipisci expedita dolor quo.', 3, '2018-03-23 16:56:03', '2018-03-23 16:56:03'),
(53, 10, 'Nellie Nicolas', 'Repellat sapiente accusantium commodi et modi saepe velit. Illo et rerum aut ex et. Maxime sed harum vitae tempore.', 2, '2018-03-23 16:56:04', '2018-03-23 16:56:04'),
(54, 42, 'Oliver Koepp II', 'Inventore voluptatem doloremque voluptatem tenetur sapiente. Ipsam cupiditate eum maxime voluptates consectetur. Nihil corporis et delectus impedit et. Beatae tenetur consequuntur ea porro.', 0, '2018-03-23 16:56:04', '2018-03-23 16:56:04'),
(55, 28, 'Mr. Luciano Gutmann', 'Doloribus id eum pariatur et placeat aliquam. Ipsa rerum magni harum quaerat explicabo veniam debitis.', 2, '2018-03-23 16:56:04', '2018-03-23 16:56:04'),
(56, 33, 'Emma Glover', 'Magni id rerum nesciunt eum cum. At assumenda eligendi pariatur unde est dolore et. Magnam quaerat impedit excepturi dolorum.', 5, '2018-03-23 16:56:04', '2018-03-23 16:56:04'),
(57, 35, 'Willis Feeney', 'Dolore laudantium pariatur velit minima. Quis omnis labore ipsam architecto commodi quibusdam.', 4, '2018-03-23 16:56:04', '2018-03-23 16:56:04'),
(58, 36, 'Maida Prohaska', 'Dolor necessitatibus et eos magnam. Veritatis dolor incidunt est. Quo iusto et accusamus necessitatibus sapiente qui.', 0, '2018-03-23 16:56:04', '2018-03-23 16:56:04'),
(59, 21, 'Werner Lang', 'Voluptatem magnam accusantium veritatis molestiae voluptas cum. Enim id id harum est tempore magnam modi. Dicta modi doloremque quod et.', 1, '2018-03-23 16:56:04', '2018-03-23 16:56:04'),
(60, 3, 'Dr. Daniella Gislason', 'Eos aut aut consequuntur inventore ut aut nostrum. Ipsa dignissimos hic perferendis ipsa deserunt earum. Amet deleniti a ex earum consequatur dolor.', 5, '2018-03-23 16:56:04', '2018-03-23 16:56:04'),
(61, 4, 'Cicero Hickle', 'Cumque aut et quasi. Et repudiandae id et possimus totam. Quis quia atque totam facilis similique nobis. Pariatur eius omnis doloribus qui culpa.', 4, '2018-03-23 16:56:04', '2018-03-23 16:56:04'),
(62, 4, 'Cathryn McGlynn III', 'Recusandae cum quisquam sunt earum. Optio voluptas est debitis mollitia numquam ipsa voluptatem. Non nam non corrupti. Rerum ad molestiae voluptatem a iste nesciunt.', 0, '2018-03-23 16:56:04', '2018-03-23 16:56:04'),
(63, 23, 'Solon Daniel IV', 'Vel est qui eum earum. Dicta quidem quae et velit rerum nihil quidem enim. Dolorum explicabo est nostrum reiciendis sed ipsum omnis. Quis in unde ut labore dolores rerum.', 5, '2018-03-23 16:56:04', '2018-03-23 16:56:04'),
(64, 13, 'Barrett Anderson', 'Impedit praesentium consequuntur voluptas. Aut odit sit reiciendis porro. Molestiae totam officia tempore voluptas molestiae aspernatur praesentium facere.', 0, '2018-03-23 16:56:04', '2018-03-23 16:56:04'),
(65, 1, 'Dr. Montana Kris I', 'Quis nesciunt sit eum. Dolor id dolore numquam. Exercitationem aut odio excepturi doloribus. Nobis quis consequatur voluptas dolorum.', 2, '2018-03-23 16:56:04', '2018-03-23 16:56:04'),
(66, 35, 'Josephine Sauer', 'Eligendi eos impedit ut soluta nostrum quisquam ipsa. Nulla atque optio vero molestiae aut cupiditate deleniti. Est ullam dolor deserunt. Recusandae impedit in tempore ex delectus veniam dolorem.', 4, '2018-03-23 16:56:04', '2018-03-23 16:56:04'),
(67, 42, 'Prof. Nikki Schuster', 'Nulla odio architecto ullam. Sequi vel reprehenderit tempora nesciunt est incidunt. Doloribus libero repellat dolores a.', 4, '2018-03-23 16:56:04', '2018-03-23 16:56:04'),
(68, 20, 'Antonetta Boyle', 'Rerum ipsum aut incidunt voluptatum dolores. Et officiis officia quas autem. Cumque ut eligendi dolorem voluptatum aspernatur. Sit voluptatem in dicta veritatis dolor odio et.', 1, '2018-03-23 16:56:04', '2018-03-23 16:56:04'),
(69, 48, 'Hipolito Kautzer', 'Quo quo illo ducimus aliquid et. Ut eum necessitatibus placeat earum.', 0, '2018-03-23 16:56:04', '2018-03-23 16:56:04'),
(70, 25, 'Devon Aufderhar', 'Aperiam nobis autem illum quidem omnis. Asperiores corrupti tenetur tenetur molestiae laboriosam id expedita hic. Consequuntur quia quia sunt.', 2, '2018-03-23 16:56:04', '2018-03-23 16:56:04'),
(71, 20, 'Carmelo Von Sr.', 'Dolore sunt facere ab quia dolorem qui molestiae voluptas. Omnis temporibus quibusdam architecto dicta voluptatem debitis sunt. Accusamus quis voluptates laboriosam sunt aperiam ratione maiores.', 4, '2018-03-23 16:56:04', '2018-03-23 16:56:04'),
(72, 29, 'Laverne Marks', 'Autem amet illo error. Voluptas molestias ad in omnis non optio a rerum.', 1, '2018-03-23 16:56:04', '2018-03-23 16:56:04'),
(73, 40, 'Jordyn Rodriguez', 'Odit voluptatem accusamus a sunt quia quaerat. Et voluptatem ut earum fuga. Ducimus voluptatum aut quos omnis qui voluptatibus doloremque. Repellat tempore neque illum quae et.', 0, '2018-03-23 16:56:04', '2018-03-23 16:56:04'),
(74, 41, 'Jaren Marks', 'Aut vero perspiciatis voluptas dolore debitis doloremque placeat. Porro architecto quas et tempora est cum.', 2, '2018-03-23 16:56:04', '2018-03-23 16:56:04'),
(75, 39, 'Merritt Wisoky', 'Quo est officia ex explicabo. Dolore vel temporibus dolorem rerum maxime. Aut veniam facilis error quasi. Necessitatibus et et fugit necessitatibus voluptatum cum commodi ducimus. Quis voluptas maiores minus sed.', 1, '2018-03-23 16:56:04', '2018-03-23 16:56:04'),
(76, 32, 'Mr. Paris Paucek IV', 'Voluptatibus soluta explicabo similique consectetur. Quaerat ea nulla vero ratione autem eos. Molestias perspiciatis quibusdam iure minima est animi. Quod rem maxime omnis.', 2, '2018-03-23 16:56:04', '2018-03-23 16:56:04'),
(77, 34, 'Trycia Ebert DVM', 'Enim sunt a inventore repellendus consequatur reiciendis. In dolores tenetur tempora aut vero iste. Repellat sunt quia iste laborum consequatur enim corporis.', 1, '2018-03-23 16:56:04', '2018-03-23 16:56:04'),
(78, 45, 'Royce Kuhlman', 'Consequatur aut voluptatum aut maxime aspernatur nihil et. Perspiciatis optio aliquam aut enim. Quod beatae corrupti voluptatem. Voluptas ut modi nostrum dolorem repudiandae.', 5, '2018-03-23 16:56:04', '2018-03-23 16:56:04'),
(79, 46, 'Prof. Cullen O\'Kon', 'Eligendi rerum voluptatem non tempore. Dicta accusantium eius expedita molestiae molestiae magni sit. Earum quae nostrum repellendus dolorem corporis mollitia nesciunt. Consectetur numquam ex dolores vel. Quidem ipsam facilis quos qui eos.', 4, '2018-03-23 16:56:04', '2018-03-23 16:56:04'),
(80, 23, 'Rebeca Hegmann', 'Nihil et quis beatae consequatur ad repellat. Ut enim adipisci expedita velit vitae dolores. Iste aperiam beatae consectetur fugit quia excepturi nostrum. Qui suscipit saepe ea quibusdam in fugiat.', 2, '2018-03-23 16:56:04', '2018-03-23 16:56:04'),
(81, 29, 'Prof. Richmond Schoen Sr.', 'Qui voluptates cum voluptatibus labore. Ut inventore harum aut quibusdam quis. Quia velit ea tempora in mollitia. Quis assumenda est aut et eveniet. Doloremque dolores est eius accusantium vero.', 1, '2018-03-23 16:56:05', '2018-03-23 16:56:05'),
(82, 10, 'Jaunita Batz', 'Nemo rerum atque cupiditate beatae quae. Optio reprehenderit eius non ullam adipisci laudantium. Necessitatibus voluptatem nihil sunt quae. Aperiam molestiae saepe non quo accusamus.', 1, '2018-03-23 16:56:05', '2018-03-23 16:56:05'),
(83, 10, 'Rocky Walker', 'Asperiores libero facilis aut aut non quisquam. Optio hic eos sed non. Similique sed fugit sint et sint sunt possimus.', 0, '2018-03-23 16:56:05', '2018-03-23 16:56:05'),
(84, 16, 'Osbaldo Parisian', 'Occaecati omnis voluptatem fugit eius. Dolore cupiditate qui nisi et. Tempore veritatis totam ut voluptas sequi tempora non.', 4, '2018-03-23 16:56:05', '2018-03-23 16:56:05'),
(85, 10, 'Mrs. Sharon Lindgren DVM', 'Doloribus qui totam quia laboriosam. Fugit quo rerum voluptatibus. Quibusdam voluptatibus alias ipsum voluptatum natus.', 1, '2018-03-23 16:56:05', '2018-03-23 16:56:05'),
(86, 44, 'Arthur Grady', 'Voluptas consequatur sit provident et consequuntur earum aliquam. Ut vel dignissimos exercitationem molestiae omnis nihil. Quis et nihil omnis quo ea molestias eos. At ullam consectetur in aliquam.', 5, '2018-03-23 16:56:05', '2018-03-23 16:56:05'),
(87, 5, 'Alva Lang', 'Veritatis ut aut commodi. Consequatur at molestiae deserunt ut. Quibusdam fuga at porro vero debitis consequatur.', 4, '2018-03-23 16:56:05', '2018-03-23 16:56:05'),
(88, 49, 'Kirk Mertz', 'Exercitationem et quo pariatur ut illum corrupti et. Et voluptate reiciendis officia officia veritatis provident. Eum officiis animi qui quia unde rem. Consequatur soluta suscipit sit laboriosam et.', 2, '2018-03-23 16:56:05', '2018-03-23 16:56:05'),
(89, 10, 'Prof. Christian Rutherford V', 'Consequatur numquam nobis delectus consequatur. Delectus numquam suscipit ea voluptatibus dolore. Non sunt ut ut doloremque.', 4, '2018-03-23 16:56:05', '2018-03-23 16:56:05'),
(90, 11, 'Barton Predovic', 'Qui non nisi ut debitis omnis adipisci ducimus. Hic ducimus accusantium eum animi excepturi ut.', 3, '2018-03-23 16:56:05', '2018-03-23 16:56:05'),
(91, 7, 'Desmond Kuvalis', 'Omnis ea et minus suscipit et nesciunt vel. Eum aut cumque voluptatibus nemo omnis. Et sit inventore magni aperiam sed saepe. Aperiam facere qui vel omnis ipsum.', 0, '2018-03-23 16:56:05', '2018-03-23 16:56:05'),
(92, 6, 'Meredith Prosacco', 'Voluptas et dolor dolores consectetur itaque. Saepe hic sequi exercitationem fuga ex consequuntur nihil. Corrupti eum repudiandae ut sunt neque hic nobis.', 2, '2018-03-23 16:56:05', '2018-03-23 16:56:05'),
(93, 1, 'Mrs. Sophie Weimann', 'Consequatur sapiente eos aut sunt cum iste. Necessitatibus labore mollitia deleniti et eaque. Minus magni corrupti est maiores qui est veritatis. Reiciendis ipsa eos molestias est aut ab et mollitia.', 4, '2018-03-23 16:56:05', '2018-03-23 16:56:05'),
(94, 2, 'Mrs. Gracie Emard', 'Nihil expedita totam maxime occaecati suscipit. Laudantium facere porro ut nulla rerum accusamus est. Dolores maiores est expedita reiciendis id illum. Tempora sunt dolores temporibus.', 3, '2018-03-23 16:56:05', '2018-03-23 16:56:05'),
(95, 35, 'Prof. Fred Frami MD', 'Sit ut dolor unde odit iusto. Rerum dolores necessitatibus dolor eaque iusto. Minima odit pariatur et aut sit vitae deserunt aut.', 4, '2018-03-23 16:56:05', '2018-03-23 16:56:05'),
(96, 25, 'Zella Little', 'Voluptate magnam quisquam sed veniam sit voluptatibus error. Quaerat porro aliquid qui qui culpa rerum. Sint dolor a necessitatibus quia animi.', 3, '2018-03-23 16:56:05', '2018-03-23 16:56:05'),
(97, 43, 'Dorothea Green', 'Quidem quia nobis non consequatur voluptate. Tempore qui facilis dicta perspiciatis et. Ullam reprehenderit minima officia ratione aut ullam facere.', 0, '2018-03-23 16:56:05', '2018-03-23 16:56:05'),
(98, 12, 'Abagail Jacobi', 'Delectus quibusdam corporis quasi. Omnis assumenda deleniti voluptas et.', 5, '2018-03-23 16:56:05', '2018-03-23 16:56:05'),
(99, 41, 'Sonya Sauer', 'Ipsum qui sequi sit. Fugit sunt enim quia ea ex. Ipsa dolore perferendis sit eos vel consequatur dolorem.', 3, '2018-03-23 16:56:05', '2018-03-23 16:56:05'),
(100, 17, 'Marjorie Kshlerin', 'Quia mollitia aliquam qui sed hic voluptate et porro. Minus eum deleniti sed. Velit ut et incidunt tempore dolore et ea est. Est temporibus earum quae. Cupiditate quis aspernatur explicabo tenetur ad id dignissimos et.', 4, '2018-03-23 16:56:05', '2018-03-23 16:56:05'),
(101, 13, 'Eldridge Romaguera', 'Tempora impedit quis maxime hic. Dolore quis tenetur ut minus. Ipsam placeat aut blanditiis atque. Consectetur minima ab eveniet deserunt.', 1, '2018-03-23 16:56:05', '2018-03-23 16:56:05'),
(102, 30, 'Prof. Bell O\'Keefe IV', 'Accusantium necessitatibus est fugiat omnis est numquam minima. Ea nostrum expedita esse fugiat voluptatum aut sed aspernatur. Qui veritatis illo quod dolorum nesciunt voluptas iste sint. Facere incidunt cumque iste aliquid autem aut unde reiciendis.', 0, '2018-03-23 16:56:05', '2018-03-23 16:56:05'),
(103, 27, 'Mariana Orn', 'Et cupiditate dicta fugiat consequatur enim atque. Sed eius aut possimus porro recusandae sit. Sunt deserunt iste illum ducimus omnis inventore.', 3, '2018-03-23 16:56:05', '2018-03-23 16:56:05'),
(104, 37, 'Fabiola Cartwright', 'Sint fugit et voluptas exercitationem adipisci consequatur. Explicabo qui vero voluptas maiores.', 1, '2018-03-23 16:56:05', '2018-03-23 16:56:05'),
(105, 13, 'Reynold Torp', 'Vitae ea vel voluptatum molestiae. Ipsa quo officia quos. Voluptas expedita ipsum quos sed et et est. Dolor voluptatem soluta repellat dolore.', 0, '2018-03-23 16:56:05', '2018-03-23 16:56:05'),
(106, 35, 'Prof. Alayna Blanda', 'Aut labore enim eum autem dicta illo. Atque est minus optio aut et quo voluptatem.', 0, '2018-03-23 16:56:05', '2018-03-23 16:56:05'),
(107, 22, 'Kody Brakus Sr.', 'Veniam et optio quia et voluptas molestiae rerum at. Ut ipsam officiis dolores et non. Atque quas reiciendis expedita illo molestiae velit ut. Accusantium quae nihil vitae quidem nulla voluptatibus aut non.', 2, '2018-03-23 16:56:05', '2018-03-23 16:56:05'),
(108, 1, 'Maximus Labadie', 'Qui sint voluptas aliquid excepturi. Quo deserunt enim accusamus ut perferendis reiciendis adipisci quos. Incidunt distinctio vel quaerat ipsum soluta porro aut.', 0, '2018-03-23 16:56:05', '2018-03-23 16:56:05'),
(109, 10, 'Sofia Hettinger', 'Velit sunt voluptas quidem eaque dicta. Nobis quaerat quis quidem perferendis quibusdam incidunt dolorem. A autem eius magni ea impedit deserunt dicta consequatur. Aperiam voluptatibus ut odio non exercitationem ea.', 0, '2018-03-23 16:56:05', '2018-03-23 16:56:05'),
(110, 38, 'Juliet Schoen V', 'Quia ad quo voluptatem non labore sequi. Distinctio natus consequatur nisi soluta tempora deserunt et accusantium. Asperiores asperiores quis praesentium in delectus incidunt vitae.', 5, '2018-03-23 16:56:06', '2018-03-23 16:56:06'),
(111, 22, 'Alta Mertz', 'Voluptatem inventore accusantium error fuga doloremque quaerat. Odio molestiae debitis repellendus nemo libero fugiat expedita. Sed sit veniam ut. Illum laudantium accusamus voluptate qui. Temporibus accusamus aut inventore dolorem ratione dolores.', 5, '2018-03-23 16:56:06', '2018-03-23 16:56:06'),
(112, 46, 'Prof. Xzavier Harvey IV', 'In inventore architecto ea quia. Ut voluptatem consequuntur recusandae quo voluptatibus cum officia quia. Provident consequuntur omnis repellendus sed eveniet.', 3, '2018-03-23 16:56:06', '2018-03-23 16:56:06'),
(113, 6, 'Dasia Abernathy', 'Corporis veniam est possimus esse. Quia similique quae provident voluptatem. Laboriosam in laboriosam numquam voluptas molestiae architecto aut.', 1, '2018-03-23 16:56:06', '2018-03-23 16:56:06'),
(114, 45, 'Mikayla Boyle', 'Est sint nostrum sed quia nihil officia reprehenderit sit. Tenetur aut delectus et aut dignissimos. Perferendis officia est aut. Quidem quidem aliquid nemo maiores nisi laboriosam.', 1, '2018-03-23 16:56:06', '2018-03-23 16:56:06'),
(115, 25, 'Dr. Joanie Batz DDS', 'Non nulla dolore quaerat dolor. Natus sint veritatis voluptas et tempore modi iusto consequatur. Adipisci quibusdam quia illo magnam. Neque vitae et labore consequuntur omnis expedita.', 0, '2018-03-23 16:56:06', '2018-03-23 16:56:06'),
(116, 17, 'Miss Annamae Jerde', 'Voluptatem explicabo est modi ad ut. Modi hic provident molestias ea omnis voluptatem. Amet veritatis aut similique vero.', 0, '2018-03-23 16:56:06', '2018-03-23 16:56:06'),
(117, 10, 'Rosella Hagenes', 'Explicabo aut eum eos dolore nihil et deserunt. Unde reprehenderit cumque repudiandae voluptatibus aliquid. Laboriosam rerum dignissimos illo voluptates unde voluptas ullam.', 3, '2018-03-23 16:56:06', '2018-03-23 16:56:06'),
(118, 48, 'Margarett Heidenreich', 'Sit eligendi doloribus fuga labore. Odio eum doloribus doloremque expedita soluta aut. Aut explicabo minus maiores quos officiis neque. Omnis minus assumenda necessitatibus et.', 2, '2018-03-23 16:56:06', '2018-03-23 16:56:06'),
(119, 4, 'Melany Durgan', 'Distinctio temporibus aut debitis illum omnis. Asperiores beatae nesciunt dolores dolor aliquid. Sequi esse sapiente quam necessitatibus earum.', 3, '2018-03-23 16:56:06', '2018-03-23 16:56:06'),
(120, 14, 'Muhammad Windler', 'Labore quos vel corrupti voluptas nam. Consequatur dignissimos velit et rerum ut. Aut quo rerum pariatur quasi est modi et. Assumenda quaerat dicta blanditiis ea nostrum enim qui.', 4, '2018-03-23 16:56:06', '2018-03-23 16:56:06'),
(121, 3, 'Aric Braun', 'Nesciunt esse at eaque. Vero sunt optio eos magni. Nisi qui sed voluptatem animi quidem.', 0, '2018-03-23 16:56:06', '2018-03-23 16:56:06'),
(122, 6, 'Ignatius Mosciski', 'Consectetur aut tempora vitae qui aperiam. Aut et veniam deleniti illo aspernatur. Qui tempore odit nostrum officia itaque odio.', 5, '2018-03-23 16:56:06', '2018-03-23 16:56:06'),
(123, 48, 'Miss Jazmyne Zieme', 'Atque doloribus sint sint quod perspiciatis. Aliquid sed nam commodi quam in vel nesciunt eligendi.', 0, '2018-03-23 16:56:06', '2018-03-23 16:56:06'),
(124, 40, 'Miss Marta Bashirian DDS', 'Voluptatem assumenda eaque dolorum consequuntur quia nihil. Molestias et id harum vitae illum dolores dolorem. Odit nobis laudantium dolores eos qui sunt veniam. Aliquid et cumque perspiciatis voluptatem et repudiandae sit. Cupiditate et voluptas id quasi enim.', 0, '2018-03-23 16:56:06', '2018-03-23 16:56:06'),
(125, 19, 'Stanton O\'Hara', 'Iste ut eos et dignissimos debitis. Et iure fuga aut non eligendi. Dolor doloribus earum similique et modi aliquam perferendis corporis.', 1, '2018-03-23 16:56:06', '2018-03-23 16:56:06'),
(126, 1, 'Brando Heathcote', 'Quidem omnis et non velit blanditiis ad. At est assumenda cupiditate et aut eos eum. Placeat aliquam impedit corporis omnis ipsa sit. Ut delectus quis provident autem.', 3, '2018-03-23 16:56:06', '2018-03-23 16:56:06'),
(127, 2, 'Mr. Hollis Kuhlman MD', 'Hic dolores impedit saepe numquam voluptatem repudiandae. Iure fugit dolor vel vero. Quis sapiente facilis aut ut odit itaque consequatur.', 1, '2018-03-23 16:56:06', '2018-03-23 16:56:06'),
(128, 25, 'Oswaldo Daugherty', 'Corrupti modi quis aut repudiandae dolores nulla. Vel totam laudantium est. Nobis voluptatum est non facere. Ut reiciendis omnis doloremque maiores numquam voluptatum perspiciatis.', 3, '2018-03-23 16:56:06', '2018-03-23 16:56:06'),
(129, 2, 'Prof. Alec Leffler', 'Pariatur voluptas non dolor reprehenderit cum aliquid nobis. Delectus architecto quia quas voluptate distinctio repudiandae unde.', 5, '2018-03-23 16:56:06', '2018-03-23 16:56:06'),
(130, 21, 'Mrs. Sabina Graham Jr.', 'Enim doloremque adipisci quam similique ut omnis aut. Corporis quia optio distinctio facere.', 4, '2018-03-23 16:56:06', '2018-03-23 16:56:06'),
(131, 8, 'Emerson Quigley', 'Eos esse amet nam et accusantium at optio. Sequi accusantium aut quod et consequatur. Dolores a harum omnis ea neque odio provident.', 3, '2018-03-23 16:56:06', '2018-03-23 16:56:06'),
(132, 12, 'Prof. Edmund Aufderhar DVM', 'Sunt occaecati nulla nostrum incidunt qui. Qui ipsam nihil est dicta expedita. Sit odit sed delectus voluptates possimus architecto non. Labore inventore ea modi sit tempore omnis. Sed sit quos quod earum et consequuntur iusto eaque.', 0, '2018-03-23 16:56:06', '2018-03-23 16:56:06'),
(133, 11, 'Ms. Ines Douglas', 'Officiis veritatis amet autem animi. Sapiente sapiente commodi labore voluptate voluptas officia. Vitae culpa dolorum rerum ipsam maiores cupiditate. Exercitationem modi aperiam aut dolorem.', 2, '2018-03-23 16:56:06', '2018-03-23 16:56:06'),
(134, 1, 'Jennie Bailey', 'Omnis aut pariatur qui consequuntur. Asperiores tenetur aut repudiandae aut. Exercitationem debitis omnis possimus sed perspiciatis ullam. Beatae inventore illum velit atque et molestiae similique.', 1, '2018-03-23 16:56:06', '2018-03-23 16:56:06'),
(135, 42, 'Prof. Ardith Ernser', 'Qui odio aperiam a ut provident. A molestiae voluptatem necessitatibus velit. Ut doloribus nulla voluptatem quia voluptatem et. Corrupti dolor molestiae quis velit saepe sit.', 4, '2018-03-23 16:56:06', '2018-03-23 16:56:06'),
(136, 34, 'Olen Wilderman', 'Assumenda voluptatem alias nostrum quia cum. Quod voluptatum impedit aperiam velit. Vel laudantium aliquid laudantium officia minus nulla consequatur et.', 1, '2018-03-23 16:56:06', '2018-03-23 16:56:06'),
(137, 18, 'Johnson Wehner', 'Occaecati dolorum qui corrupti placeat deserunt qui. Reiciendis aspernatur aut ullam est. Veniam fuga quas id necessitatibus soluta. Itaque est perferendis eveniet tenetur ea.', 4, '2018-03-23 16:56:06', '2018-03-23 16:56:06'),
(138, 30, 'Samara Simonis', 'Praesentium perspiciatis vel voluptatem et voluptatem possimus. Quisquam quia et neque suscipit occaecati fuga. Perferendis reprehenderit est aut esse qui. Pariatur cum natus quae ut.', 4, '2018-03-23 16:56:06', '2018-03-23 16:56:06'),
(139, 18, 'Citlalli Wyman', 'Fugit id quasi veniam dolorum dolorem iste voluptatem et. Quo nam harum sequi earum numquam id tempore necessitatibus. Ea voluptatem et harum totam non placeat deleniti alias.', 3, '2018-03-23 16:56:06', '2018-03-23 16:56:06'),
(140, 9, 'Rae Marquardt', 'Unde veritatis consequatur delectus impedit. Itaque quis sapiente qui nihil culpa et quis. Cupiditate quam veniam similique.', 5, '2018-03-23 16:56:06', '2018-03-23 16:56:06'),
(141, 16, 'Jalyn Johnston DDS', 'Vitae sed facilis recusandae neque excepturi quo provident qui. Fugit necessitatibus illo nemo voluptatum rem architecto eius. Dolores doloribus vel eveniet ducimus debitis cupiditate. Ut molestias aut voluptatum nesciunt velit.', 2, '2018-03-23 16:56:07', '2018-03-23 16:56:07'),
(142, 29, 'Marty Watsica', 'Aliquam harum possimus amet veniam. Placeat sed perferendis et asperiores fugit eligendi sapiente. Consequatur animi nesciunt consectetur quaerat aperiam maiores saepe. Cumque eligendi libero aperiam facilis laborum.', 2, '2018-03-23 16:56:07', '2018-03-23 16:56:07'),
(143, 16, 'Rowland Bartell', 'Eos sapiente iusto accusamus quo et distinctio. Blanditiis assumenda vel illum architecto libero. Ut voluptas modi debitis non dolores suscipit.', 0, '2018-03-23 16:56:07', '2018-03-23 16:56:07'),
(144, 33, 'Prof. Pearl Hane', 'Voluptatibus aut qui iure dolore. Saepe voluptate quaerat sit aliquam. Est tempora ipsa dolor ipsa sapiente quos voluptas. Omnis laboriosam est sed itaque architecto doloremque.', 5, '2018-03-23 16:56:07', '2018-03-23 16:56:07'),
(145, 20, 'Horacio Lesch', 'Pariatur atque enim minus culpa odit ipsa. Ut quisquam eligendi voluptatibus facere ut. Dolores quod laudantium eveniet nemo dignissimos quia. Recusandae aut perspiciatis in quos.', 0, '2018-03-23 16:56:07', '2018-03-23 16:56:07'),
(146, 27, 'Elnora Moen', 'Quia ipsam architecto corrupti dignissimos voluptatem. Omnis est voluptates saepe. Velit laboriosam maxime numquam ut aliquam laborum. Suscipit aut est quidem voluptatum consequuntur possimus.', 2, '2018-03-23 16:56:07', '2018-03-23 16:56:07'),
(147, 15, 'Breana Collier', 'Deleniti voluptates quasi voluptatum sit officiis. Ea a qui aperiam at sed est. Similique voluptatibus molestiae aut. Alias omnis ab dolor voluptatem omnis vel nihil.', 0, '2018-03-23 16:56:07', '2018-03-23 16:56:07'),
(148, 37, 'Hillary Oberbrunner', 'Modi quam suscipit consequatur minima accusamus veniam fuga voluptatem. Velit quis et sit ut laborum. Maxime officiis error deserunt quibusdam. Laudantium nam ratione beatae rerum iste.', 4, '2018-03-23 16:56:07', '2018-03-23 16:56:07'),
(149, 44, 'Karley Hayes', 'Veritatis cupiditate et at qui. A dolor laudantium hic voluptas. Quos rerum deleniti expedita laborum est.', 5, '2018-03-23 16:56:07', '2018-03-23 16:56:07'),
(150, 44, 'Charity Robel', 'Porro corporis quo et non asperiores exercitationem nulla temporibus. Explicabo illum odit et veritatis harum est. Sunt quas maiores qui. Quaerat voluptatem mollitia cupiditate fugiat assumenda ducimus.', 2, '2018-03-23 16:56:07', '2018-03-23 16:56:07'),
(151, 22, 'Dr. Ross Terry II', 'Dicta molestiae repellat cum temporibus magnam. Deserunt inventore repellat ex natus repellendus impedit. Itaque neque quo ut aut labore doloribus maiores.', 1, '2018-03-23 16:56:07', '2018-03-23 16:56:07'),
(152, 28, 'Prof. Garrett Bruen PhD', 'Quisquam commodi ut architecto tenetur voluptate et consectetur. Dolores dignissimos quo id rerum dolores aut vero aperiam. Dolore delectus voluptatem cum. Perspiciatis consequatur quia eos consectetur et sequi.', 2, '2018-03-23 16:56:07', '2018-03-23 16:56:07'),
(153, 48, 'Prudence Raynor', 'Eaque architecto ea voluptatem. Consequuntur voluptatem non animi in. Est est est ut nulla non minima rerum.', 4, '2018-03-23 16:56:07', '2018-03-23 16:56:07'),
(154, 32, 'Devonte Hammes III', 'Numquam quo magni perspiciatis sit autem. Sit molestias nam laudantium. Officiis ducimus impedit et consequatur quasi.', 2, '2018-03-23 16:56:07', '2018-03-23 16:56:07'),
(155, 5, 'Niko Kerluke', 'Sunt id neque vero quaerat. Illum aut placeat sit eveniet voluptas harum omnis. Hic totam recusandae est beatae quasi quibusdam. Quos quas et in sed.', 1, '2018-03-23 16:56:07', '2018-03-23 16:56:07'),
(156, 18, 'Shawn Ferry I', 'Harum provident pariatur consequatur est aspernatur. Doloribus ipsam recusandae atque assumenda. Earum sit quis debitis ullam iure. Nisi dignissimos aut harum explicabo animi et.', 5, '2018-03-23 16:56:07', '2018-03-23 16:56:07'),
(157, 24, 'Betsy Donnelly', 'Debitis accusamus consequatur laudantium nobis dicta corporis. Eius consectetur quo error. Adipisci non accusantium excepturi in.', 5, '2018-03-23 16:56:07', '2018-03-23 16:56:07'),
(158, 24, 'Bartholome Tremblay MD', 'Qui mollitia quae consequatur qui. Nihil velit praesentium blanditiis cupiditate a. Magnam suscipit animi quia cumque. Dolor ullam et aut ipsum.', 4, '2018-03-23 16:56:07', '2018-03-23 16:56:07'),
(159, 7, 'Maurine Reilly', 'Vel sequi natus atque impedit laborum aut. Neque dolor ut ullam repellendus quas rerum maxime. Et soluta nobis rem temporibus eaque accusamus est.', 3, '2018-03-23 16:56:07', '2018-03-23 16:56:07'),
(160, 16, 'Pamela Koelpin', 'Distinctio illo et itaque dolores sint consequatur ut. Delectus ut molestiae nihil et unde quod et. Est itaque inventore doloribus saepe. Adipisci consequuntur dignissimos temporibus sint ipsa quae aut.', 0, '2018-03-23 16:56:07', '2018-03-23 16:56:07'),
(161, 38, 'Guido Stamm', 'Aut et quia accusamus voluptas veritatis. Nulla est quasi est consequatur nostrum in. Sint nesciunt cum natus quibusdam.', 3, '2018-03-23 16:56:07', '2018-03-23 16:56:07'),
(162, 31, 'Prof. Talon Legros', 'Aliquid expedita aspernatur reiciendis ut. Qui accusantium officiis eaque iusto in rerum aspernatur dolorem. Aut in quasi commodi velit iste. Non deserunt velit qui esse sit.', 1, '2018-03-23 16:56:07', '2018-03-23 16:56:07'),
(163, 34, 'Robert Anderson', 'Quas sit fugiat iusto perferendis inventore. Libero consequatur minus sint porro totam. Odit quaerat est rem alias molestias et.', 5, '2018-03-23 16:56:07', '2018-03-23 16:56:07'),
(164, 36, 'Prof. Josiah Hackett', 'Consequatur vero amet illo quasi voluptates quibusdam. Et quis ratione dolorem inventore eos totam possimus. Provident est dolorem maxime eveniet aperiam in.', 2, '2018-03-23 16:56:07', '2018-03-23 16:56:07'),
(165, 42, 'Alan Monahan', 'Qui aut fuga minima quod ad sit. Ut adipisci doloremque distinctio laudantium. Possimus veritatis ipsum earum amet. Ducimus libero aut exercitationem pariatur pariatur quae.', 1, '2018-03-23 16:56:07', '2018-03-23 16:56:07'),
(166, 44, 'Candida Abernathy PhD', 'Consequatur ut ut nam possimus veniam sapiente. Optio et veritatis aut laboriosam consequatur dolor sint sunt. Fugit itaque minus consequatur assumenda dolor aut facere.', 3, '2018-03-23 16:56:07', '2018-03-23 16:56:07'),
(167, 17, 'Prof. Chloe Romaguera DDS', 'Quibusdam incidunt explicabo et ipsam. Dicta sint adipisci et animi dolores qui aspernatur. Velit possimus ut incidunt nihil possimus.', 2, '2018-03-23 16:56:07', '2018-03-23 16:56:07'),
(168, 27, 'Obie Marks DVM', 'Laudantium aut ipsam et et. Quis iste est commodi itaque. Deserunt explicabo quam quaerat dolore odit et est nulla. Qui temporibus nam facere quia quod animi dicta neque.', 0, '2018-03-23 16:56:07', '2018-03-23 16:56:07'),
(169, 10, 'Henriette Ernser', 'Quidem necessitatibus iure vero eligendi et sed quibusdam. Iste aspernatur quia deserunt enim vel. Blanditiis omnis error est optio sed. Veniam voluptates culpa nihil odio totam ipsum.', 4, '2018-03-23 16:56:07', '2018-03-23 16:56:07'),
(170, 23, 'Prof. Maybelle Lakin DDS', 'Quos modi aut id rerum. Id totam assumenda fuga reprehenderit omnis molestiae. Ea quasi dolor magnam omnis enim et vel.', 3, '2018-03-23 16:56:07', '2018-03-23 16:56:07'),
(171, 28, 'Darby Fay', 'Reiciendis et eos maxime voluptatem. Et ipsum cupiditate iste numquam blanditiis natus aperiam. Vel sit corporis fugiat exercitationem. Consequuntur rem veritatis deserunt vel aut et.', 3, '2018-03-23 16:56:08', '2018-03-23 16:56:08'),
(172, 49, 'Barton Murazik', 'Voluptates assumenda sequi et. Velit quis debitis aut consequatur sunt qui.', 1, '2018-03-23 16:56:08', '2018-03-23 16:56:08'),
(173, 4, 'Johathan Hackett', 'Blanditiis delectus id accusantium voluptatum consequatur repellendus aut. Quisquam velit est sint ratione. Non nesciunt explicabo occaecati adipisci sint.', 4, '2018-03-23 16:56:08', '2018-03-23 16:56:08'),
(174, 18, 'Reuben Considine', 'Qui incidunt ut reiciendis est et. Itaque et porro at qui accusamus nemo minus. Ea at et officiis fugit earum.', 0, '2018-03-23 16:56:08', '2018-03-23 16:56:08'),
(175, 38, 'Evie Quitzon', 'Voluptatem incidunt sit nesciunt. Ex similique reprehenderit error libero. Quam quia qui sit aperiam pariatur omnis. Ducimus animi dolore eaque pariatur.', 5, '2018-03-23 16:56:08', '2018-03-23 16:56:08'),
(176, 3, 'Malinda Shanahan', 'Atque voluptatibus quidem libero praesentium. Molestiae odio sapiente non est. Distinctio ullam vero rerum ipsam. Fugit vitae non cupiditate suscipit tenetur.', 1, '2018-03-23 16:56:08', '2018-03-23 16:56:08'),
(177, 43, 'Prof. Noah Wiegand', 'Dolores et rerum enim quo reiciendis enim. Eius et officiis accusantium perspiciatis aperiam esse.', 2, '2018-03-23 16:56:08', '2018-03-23 16:56:08'),
(178, 42, 'Al Rempel', 'Similique iusto rem et laborum beatae necessitatibus recusandae. Aut mollitia laboriosam in ipsum. Ullam sit pariatur reprehenderit ut libero quas. Vel architecto autem vel maiores ut.', 4, '2018-03-23 16:56:08', '2018-03-23 16:56:08'),
(179, 21, 'Adell Treutel', 'Nihil exercitationem deleniti qui sint. Nam sequi sunt dolore rerum. Recusandae laborum dolorem vel aliquam quia. Est corrupti rerum a et numquam commodi voluptate.', 3, '2018-03-23 16:56:08', '2018-03-23 16:56:08'),
(180, 41, 'Mr. Consuelo Wolff I', 'Quia perferendis aliquid sit officia magni pariatur totam provident. Adipisci provident cumque voluptatem at eos soluta. Necessitatibus fugit omnis quos repellendus. Non ipsum reprehenderit id nesciunt.', 5, '2018-03-23 16:56:08', '2018-03-23 16:56:08'),
(181, 4, 'Kolby Daniel', 'Rem et nihil adipisci explicabo quidem voluptate. Omnis qui facere repellat vitae impedit qui eius. Dolorem laborum ipsum et porro voluptas.', 5, '2018-03-23 16:56:08', '2018-03-23 16:56:08'),
(182, 18, 'Dr. Gino Gerhold I', 'Et dolore consequatur voluptatem reiciendis. Aut et aut natus omnis. Maxime commodi expedita sunt sed.', 4, '2018-03-23 16:56:08', '2018-03-23 16:56:08'),
(183, 38, 'Aisha Bartoletti V', 'Facilis sint vel quo rem suscipit doloremque repudiandae fuga. Ut sint dolorum libero neque. Aut illum impedit hic sapiente corporis autem assumenda. Et similique magnam delectus temporibus nostrum consequuntur quo. Nesciunt asperiores qui eius autem ratione non aperiam ut.', 0, '2018-03-23 16:56:08', '2018-03-23 16:56:08'),
(184, 11, 'Pascale Gutkowski', 'Consequuntur sunt provident molestiae dolorem eaque et qui. Eius blanditiis odit quos eligendi. Voluptas quae ut cupiditate sunt tenetur. Atque non vitae et officiis non qui voluptas.', 1, '2018-03-23 16:56:08', '2018-03-23 16:56:08'),
(185, 8, 'Mathilde Abbott', 'Animi voluptatem assumenda ducimus praesentium est eveniet harum. Debitis consequuntur ea quia non sit velit omnis.', 5, '2018-03-23 16:56:08', '2018-03-23 16:56:08'),
(186, 19, 'Dr. Delmer Ledner', 'Rerum asperiores neque qui iure perferendis tempora. Esse perspiciatis ut aut et ipsum quod. Omnis accusantium qui quibusdam officia et.', 2, '2018-03-23 16:56:08', '2018-03-23 16:56:08'),
(187, 47, 'Ms. Marilie Blick', 'Non maxime dicta aut exercitationem omnis dolorem cum. Dolor reiciendis omnis voluptatem ut deleniti. Voluptatem ut rerum quidem dolores.', 3, '2018-03-23 16:56:08', '2018-03-23 16:56:08'),
(188, 32, 'Maya Hirthe', 'Impedit ad soluta repellendus inventore. Dolorem sint rem saepe voluptatem omnis incidunt quam. Repellat exercitationem nobis eum ea laborum.', 4, '2018-03-23 16:56:08', '2018-03-23 16:56:08'),
(189, 43, 'Armani McDermott', 'Eos soluta facere eum quia ad nemo iste. Accusamus dignissimos qui et qui. Enim qui suscipit qui quidem dolorem quaerat ab. Eligendi nulla optio ut quas delectus vero tempore.', 1, '2018-03-23 16:56:08', '2018-03-23 16:56:08'),
(190, 34, 'Duncan Boyle II', 'Quis nam beatae est corrupti sed minus iste. Ut aut consequatur suscipit itaque laborum voluptas aut. Delectus in voluptatibus totam possimus quis dignissimos reiciendis. Rerum aperiam excepturi cum libero et natus magni. Est exercitationem repellendus qui.', 2, '2018-03-23 16:56:08', '2018-03-23 16:56:08'),
(191, 36, 'Dr. Manuel Nolan', 'Libero id aliquam facere tenetur doloremque omnis. Quasi hic autem veniam quibusdam. Voluptas in possimus aliquid qui et quis. Nam fugiat doloremque voluptatem sunt.', 1, '2018-03-23 16:56:08', '2018-03-23 16:56:08'),
(192, 31, 'Ms. Kaela Ortiz DDS', 'Dolorum consequatur in repellat sit quia. Deleniti et harum autem iure aut. Aut quis sit hic aut optio asperiores iure. Et tempora impedit rerum cum qui tenetur nobis omnis.', 1, '2018-03-23 16:56:08', '2018-03-23 16:56:08'),
(193, 31, 'Leora Koss', 'Debitis et eum quo. Deleniti natus nam quam dolor et. Accusamus ipsam laboriosam labore eos qui expedita consequatur. Explicabo et rerum fugiat rerum sequi ea. Dignissimos voluptatem ab soluta qui dicta corporis quae.', 3, '2018-03-23 16:56:08', '2018-03-23 16:56:08'),
(194, 8, 'Jamel Gottlieb', 'Natus iusto et vel consequatur accusantium. Aut et ut quia perferendis ab corrupti veritatis. Voluptas voluptatem laboriosam blanditiis corporis.', 3, '2018-03-23 16:56:08', '2018-03-23 16:56:08'),
(195, 32, 'Libbie Cummings', 'Quia aut repudiandae voluptatem similique assumenda aut. Deleniti commodi harum qui ut voluptates aliquam. Inventore magni necessitatibus numquam molestias eveniet laboriosam. Quia cupiditate quo id dolorem exercitationem odit.', 0, '2018-03-23 16:56:08', '2018-03-23 16:56:08'),
(196, 32, 'Dante Powlowski Sr.', 'Dolore accusamus officia ut sed debitis. Voluptatem voluptatem sed sapiente quam. Aliquam sit exercitationem aspernatur nobis omnis.', 2, '2018-03-23 16:56:08', '2018-03-23 16:56:08'),
(197, 26, 'Manuel Hirthe', 'Accusantium quis et sequi rerum. Illo modi est sint harum neque quaerat. Id aut et expedita nihil quibusdam.', 1, '2018-03-23 16:56:08', '2018-03-23 16:56:08'),
(198, 16, 'Madeline Erdman V', 'Tempore consequuntur asperiores repudiandae dolor sit assumenda ad ut. Et nesciunt laboriosam a iure quis voluptatem.', 5, '2018-03-23 16:56:08', '2018-03-23 16:56:08'),
(199, 8, 'Neoma Kozey', 'Sed facere sit qui ratione sit ullam earum. Quia quisquam dolor temporibus nam. Nemo consequuntur perferendis sit nam.', 2, '2018-03-23 16:56:08', '2018-03-23 16:56:08'),
(200, 14, 'Dr. Freda Rempel IV', 'Sapiente in error accusamus recusandae qui quo sed. Soluta molestias rerum adipisci reiciendis et. Maiores labore et provident voluptatem aliquam asperiores incidunt. Deleniti ab et explicabo est velit aut.', 4, '2018-03-23 16:56:08', '2018-03-23 16:56:08'),
(201, 10, 'Ulices Crist', 'Ipsam maxime rerum expedita. Et quis omnis illum id. Consequatur hic natus eveniet impedit. Ab incidunt voluptas distinctio non est cum et enim.', 5, '2018-03-23 16:56:09', '2018-03-23 16:56:09'),
(202, 38, 'Mr. Diego Abbott', 'Quo quia quisquam dolorem blanditiis repellendus beatae rem. Suscipit omnis recusandae cupiditate rem provident. Non eos est dolores dolor eaque ab qui perspiciatis.', 1, '2018-03-23 16:56:09', '2018-03-23 16:56:09'),
(203, 9, 'Ebba Nikolaus', 'Quae dolores iusto omnis. Quo eligendi quo repellat eveniet. Dolorem vel ut pariatur eos autem eligendi pariatur.', 0, '2018-03-23 16:56:09', '2018-03-23 16:56:09'),
(204, 14, 'Marguerite Streich', 'Autem harum aut nam officia est. Veniam et qui velit perspiciatis corrupti. Quasi eos sint sit architecto.', 1, '2018-03-23 16:56:09', '2018-03-23 16:56:09'),
(205, 37, 'Rosina Dietrich', 'Voluptates excepturi rem doloremque ea ut. Ut nisi eligendi voluptate sed labore ex qui. Laudantium et debitis sed ut laudantium sapiente voluptatibus.', 1, '2018-03-23 16:56:09', '2018-03-23 16:56:09'),
(206, 36, 'Prof. Ilene Howe', 'Amet tenetur delectus deleniti molestias dignissimos voluptate labore. Harum voluptatem quam dolor unde optio sunt ut dolorem. Saepe consectetur sit accusamus quos laboriosam dolor.', 2, '2018-03-23 16:56:09', '2018-03-23 16:56:09'),
(207, 36, 'Ethel Fisher III', 'Laborum qui omnis quia voluptatem labore. Quo et dignissimos debitis vero occaecati. Id quaerat assumenda ea asperiores voluptas velit voluptas.', 4, '2018-03-23 16:56:09', '2018-03-23 16:56:09'),
(208, 5, 'Leatha Hyatt', 'Odio veniam earum occaecati aperiam assumenda non. Et culpa incidunt vel est eligendi laboriosam. Vitae eum ex aut voluptate reiciendis.', 5, '2018-03-23 16:56:09', '2018-03-23 16:56:09'),
(209, 48, 'Telly Borer', 'Pariatur sit odit perferendis. Et nostrum et porro nisi. Consequatur illum in cupiditate vitae distinctio nihil.', 3, '2018-03-23 16:56:09', '2018-03-23 16:56:09'),
(210, 49, 'Mr. Lionel Ryan I', 'Voluptas eos dignissimos neque qui. Repellendus atque facere et quo deleniti. Repudiandae recusandae fugiat et voluptate itaque excepturi. Dolor dolores veritatis fugiat quia officiis illum suscipit.', 5, '2018-03-23 16:56:09', '2018-03-23 16:56:09'),
(211, 29, 'Prof. Xzavier Labadie DDS', 'Mollitia aliquam odio corporis. Ea eos voluptate quidem quis impedit officia. Velit blanditiis rem voluptas consectetur voluptatem molestiae sint. Est cumque laboriosam tenetur aut minus et unde.', 5, '2018-03-23 16:56:09', '2018-03-23 16:56:09');
INSERT INTO `reviews` (`id`, `product_id`, `customer`, `review`, `star`, `created_at`, `updated_at`) VALUES
(212, 34, 'Dovie Kub IV', 'Consequatur et necessitatibus unde reiciendis. Et doloremque omnis nostrum aut quis at repudiandae. Ut ea dolorem qui molestias saepe accusamus. Molestias sunt odio dolore alias nulla pariatur reiciendis.', 4, '2018-03-23 16:56:09', '2018-03-23 16:56:09'),
(213, 38, 'Arianna Turner Jr.', 'Voluptatem et non eos autem consectetur iste quo. Quasi magnam cupiditate quis expedita rerum placeat qui.', 5, '2018-03-23 16:56:09', '2018-03-23 16:56:09'),
(214, 35, 'Dr. Judson Moore III', 'Ipsum aliquam magni quia veritatis. Recusandae ut voluptates eos commodi in commodi. Iure sit quia excepturi in perspiciatis nobis eaque.', 4, '2018-03-23 16:56:09', '2018-03-23 16:56:09'),
(215, 46, 'Dr. Waylon Schulist', 'Laborum facilis et dignissimos autem necessitatibus aspernatur illo mollitia. Aut sint ut quo aut sed quasi. Fugiat molestiae soluta aut dolore aliquam quis.', 5, '2018-03-23 16:56:09', '2018-03-23 16:56:09'),
(216, 18, 'Aliza Mayert', 'Soluta nam ut atque est voluptatem vel voluptatibus et. Officiis autem veniam in id rerum. Ratione eum eos quisquam dolorem sed et. Officiis ea modi dolorum corrupti nihil ab minus.', 5, '2018-03-23 16:56:09', '2018-03-23 16:56:09'),
(217, 34, 'Murl Gorczany', 'Ipsam odit sunt et. At eaque non vitae nihil aut dolores. Eos deleniti repellendus deserunt ipsam voluptas non consequatur. Non ut occaecati voluptatem et at nisi.', 2, '2018-03-23 16:56:09', '2018-03-23 16:56:09'),
(218, 40, 'Prudence O\'Reilly', 'Eligendi et et et aperiam amet. Vero et impedit est adipisci. Animi doloribus dolorem nesciunt harum inventore reprehenderit voluptatem. Aut suscipit occaecati at ea sed mollitia aut.', 0, '2018-03-23 16:56:09', '2018-03-23 16:56:09'),
(219, 19, 'Dr. Emmet Pacocha III', 'Deserunt nihil minus pariatur dolor laboriosam illum vitae et. Voluptate voluptatum aliquid eveniet dolor quas eius unde. Voluptatibus molestiae corrupti et explicabo. Minima expedita facilis velit dolor ipsum quia.', 0, '2018-03-23 16:56:09', '2018-03-23 16:56:09'),
(220, 13, 'Katharina Rolfson DVM', 'Ut odit laboriosam molestiae sapiente modi veritatis accusantium. Laboriosam praesentium consequatur deserunt vel eveniet. Excepturi dolorum hic enim aut aperiam. Doloremque rerum eveniet enim veniam maxime sed et.', 1, '2018-03-23 16:56:09', '2018-03-23 16:56:09'),
(221, 29, 'Dr. Zechariah Funk', 'Quia iure velit assumenda vitae. Odio harum odio voluptates assumenda laboriosam autem quas amet. Libero quia dolorem earum. Id nesciunt nesciunt ratione voluptatem. Enim adipisci et et explicabo ut labore quis.', 3, '2018-03-23 16:56:09', '2018-03-23 16:56:09'),
(222, 42, 'Krystal Friesen', 'Veniam debitis occaecati praesentium fuga. Veritatis occaecati id deleniti facere autem. Qui voluptates et doloribus expedita et dolorem. Iure ut modi et qui.', 1, '2018-03-23 16:56:09', '2018-03-23 16:56:09'),
(223, 12, 'Dr. Chad Bogisich I', 'Alias blanditiis voluptatem ut voluptatem et ab vel a. Quod quas omnis placeat sit molestiae vel assumenda omnis. Ut iste asperiores quis enim deleniti dolores. Iusto deserunt alias doloribus minus maiores minima non officiis.', 1, '2018-03-23 16:56:09', '2018-03-23 16:56:09'),
(224, 34, 'Prof. Jovani Blick', 'Dolor nihil ut ex. Quos doloremque recusandae quam molestias tempora. Recusandae quo ipsa aliquam explicabo aliquid.', 1, '2018-03-23 16:56:09', '2018-03-23 16:56:09'),
(225, 18, 'Ms. Alexane Kautzer', 'Voluptate assumenda nobis voluptate et quasi. Dolor sapiente alias vero nisi eligendi nobis dolore et. Corrupti id consequatur sunt impedit. Id autem id cupiditate qui. Et recusandae tenetur voluptatem recusandae aut ab.', 4, '2018-03-23 16:56:09', '2018-03-23 16:56:09'),
(226, 29, 'Amelia Brown', 'Consequatur similique natus sapiente nihil nesciunt provident. Distinctio itaque cum non accusamus distinctio. Illum enim sit voluptate tempore quia.', 0, '2018-03-23 16:56:09', '2018-03-23 16:56:09'),
(227, 14, 'Layla D\'Amore', 'Architecto nihil blanditiis voluptas. Est repudiandae dolor corrupti quidem consequatur velit et. Modi mollitia qui earum ipsa fugit.', 0, '2018-03-23 16:56:09', '2018-03-23 16:56:09'),
(228, 44, 'Paige Farrell', 'Assumenda autem occaecati aut ratione eaque ut. Ea officiis reiciendis quis incidunt expedita. Id consequatur qui dolorum ut aut non occaecati.', 1, '2018-03-23 16:56:09', '2018-03-23 16:56:09'),
(229, 25, 'Ella Reichert', 'Voluptatibus voluptatibus aut nesciunt. Reprehenderit numquam sint occaecati in. Aut nesciunt dolore aperiam quisquam.', 3, '2018-03-23 16:56:09', '2018-03-23 16:56:09'),
(230, 1, 'Leonora Cruickshank', 'Reprehenderit suscipit dolorem perferendis iure. Dolores beatae quae illo laboriosam. Et sit dignissimos officiis. Incidunt dolores sed illo veniam.', 5, '2018-03-23 16:56:09', '2018-03-23 16:56:09'),
(231, 13, 'Isaiah Schimmel DVM', 'Vero hic et sequi commodi. Animi cumque blanditiis quam.', 1, '2018-03-23 16:56:09', '2018-03-23 16:56:09'),
(232, 3, 'Preston Barrows', 'Magnam a odit labore magni ad. Quia eos similique magnam repellendus aperiam dolorum. Repellat distinctio ad ipsum quod doloribus. Recusandae fuga deleniti cum a optio dolorum suscipit sit.', 2, '2018-03-23 16:56:09', '2018-03-23 16:56:09'),
(233, 15, 'Melany Johnston', 'Voluptas sunt aliquam laborum maxime. Est voluptatibus dicta molestiae voluptas ipsa repellat.', 1, '2018-03-23 16:56:09', '2018-03-23 16:56:09'),
(234, 22, 'Deja Reichel', 'Corporis odit vel et ea omnis quasi veniam. Adipisci itaque est suscipit velit. Rerum explicabo culpa rerum accusamus eos aut. Aut sed reprehenderit atque sed sint vel.', 2, '2018-03-23 16:56:10', '2018-03-23 16:56:10'),
(235, 49, 'Hope Schaefer', 'Corrupti nostrum voluptate error odio et. Et similique veniam enim consequuntur. In est nisi non soluta consequatur at. Illo porro voluptatem aut placeat quis. Autem itaque asperiores atque non.', 2, '2018-03-23 16:56:10', '2018-03-23 16:56:10'),
(236, 3, 'Marcellus Smitham Sr.', 'Consequatur est ea fuga dolor. Minus sit nobis odit consequatur. Similique voluptatum unde maxime ut. Corporis iusto aperiam et aliquid.', 2, '2018-03-23 16:56:10', '2018-03-23 16:56:10'),
(237, 38, 'Tommie Huels', 'Nesciunt at eligendi occaecati quisquam ullam amet sit quis. Voluptates distinctio distinctio quidem alias labore. Molestiae sit et voluptas odit facere est corporis. Magni ducimus ducimus veniam et.', 1, '2018-03-23 16:56:10', '2018-03-23 16:56:10'),
(238, 11, 'Sigurd Terry Jr.', 'Qui aliquam sed incidunt architecto esse. Esse voluptas quae ab voluptatem delectus omnis. Minus natus ut suscipit accusantium. Rerum voluptas quo est aut.', 1, '2018-03-23 16:56:10', '2018-03-23 16:56:10'),
(239, 18, 'Prof. Trevion Gutkowski', 'Aliquam commodi minima est voluptatem quia atque et doloremque. Id quaerat alias repellat perspiciatis eius rerum praesentium. Sunt doloribus officiis optio labore eligendi explicabo modi. Expedita illo rerum provident et non.', 3, '2018-03-23 16:56:10', '2018-03-23 16:56:10'),
(240, 30, 'Dr. Marcelo Ernser', 'Et odio autem aspernatur quas aliquid. Pariatur doloremque quam in et facere reprehenderit. Sint dicta veniam asperiores. Modi totam id eum ratione maxime odit.', 1, '2018-03-23 16:56:10', '2018-03-23 16:56:10'),
(241, 22, 'Albina Von DVM', 'Itaque earum ipsa velit ipsa quae dolorem repellat. Ullam voluptatum dolores dolorem iure sed eos. Exercitationem consequatur saepe quibusdam doloremque adipisci magni.', 3, '2018-03-23 16:56:10', '2018-03-23 16:56:10'),
(242, 28, 'Stephan Bergstrom', 'Odit eum ipsam ab laboriosam incidunt sapiente fuga. Qui molestiae dolor quia commodi repudiandae nostrum nihil praesentium. Et tempora error minima maiores enim neque. Neque odio ut ratione ut et molestiae maxime aliquid. Consectetur laborum ex vel occaecati voluptate eaque ut quos.', 3, '2018-03-23 16:56:10', '2018-03-23 16:56:10'),
(243, 7, 'Prof. Mercedes Koepp DVM', 'At repellendus et magnam velit. Sit accusamus mollitia autem facere dignissimos facilis laborum nisi. Sit repellendus consequuntur molestiae incidunt aut magni ea exercitationem.', 2, '2018-03-23 16:56:10', '2018-03-23 16:56:10'),
(244, 32, 'Miss Demetris Bashirian', 'Dolorem beatae impedit molestiae laborum. Magni dolor enim est in architecto. Architecto facere explicabo sit rerum. Dolor sed labore praesentium dolor vero optio repellat. A et aut omnis omnis temporibus recusandae.', 4, '2018-03-23 16:56:10', '2018-03-23 16:56:10'),
(245, 11, 'Mrs. Kirsten Romaguera PhD', 'Quis saepe odit sequi officiis molestias qui. Rerum doloremque iusto voluptatem amet. Dignissimos voluptatem sit aperiam deserunt. Voluptatibus voluptatem amet dolorem ea harum aliquam enim.', 2, '2018-03-23 16:56:10', '2018-03-23 16:56:10'),
(246, 49, 'Arvel O\'Connell I', 'Rem id pariatur sapiente exercitationem. Et fugiat molestiae voluptatem unde hic voluptates aliquam. Rem autem eum aperiam odio sint provident numquam. Voluptatem et ut aperiam autem. Aut autem doloremque ut at.', 2, '2018-03-23 16:56:10', '2018-03-23 16:56:10'),
(247, 11, 'Emmanuelle Bogan', 'Enim natus est totam voluptatem est et vel. Saepe fuga laboriosam optio repellat. Velit magnam possimus tempore sed. Repudiandae et vel sed omnis occaecati est.', 1, '2018-03-23 16:56:10', '2018-03-23 16:56:10'),
(248, 5, 'Aryanna Hayes DDS', 'Itaque libero et consequuntur eos dolores distinctio. Rerum quas voluptatem sit corporis beatae eveniet. Explicabo voluptate iure incidunt reprehenderit quia perferendis id. Vitae est dolor veritatis repellendus et.', 1, '2018-03-23 16:56:10', '2018-03-23 16:56:10'),
(249, 42, 'Dr. Jerrell Haag Jr.', 'Ea incidunt consequuntur ut ad quia perferendis veritatis. Et consectetur veritatis provident quos quod assumenda dolorem. Culpa reprehenderit debitis recusandae.', 4, '2018-03-23 16:56:10', '2018-03-23 16:56:10'),
(250, 3, 'Austin Brekke', 'Ut vero quaerat sapiente laboriosam sint. Voluptas ut non ea delectus. Dolore blanditiis aut vitae consequatur molestias consequuntur itaque animi.', 2, '2018-03-23 16:56:10', '2018-03-23 16:56:10'),
(251, 5, 'Dashawn Anderson DVM', 'Eos maiores omnis aperiam. Voluptates esse iure molestiae quos. Perspiciatis voluptatem dolor debitis odit. Dicta cupiditate dolores molestiae aliquam sequi ea.', 1, '2018-03-23 16:56:10', '2018-03-23 16:56:10'),
(252, 48, 'Tamara Mraz', 'Non mollitia consequatur repudiandae tenetur sint vel aut. Deleniti nihil voluptatem architecto molestias neque. Ex similique neque ratione illum non nam. Eius sed corporis et rerum dolores nulla.', 5, '2018-03-23 16:56:10', '2018-03-23 16:56:10'),
(253, 27, 'Angela Stamm MD', 'Eligendi atque modi eos. Ducimus ut in et rem temporibus reiciendis. Delectus quia quia et alias recusandae.', 2, '2018-03-23 16:56:10', '2018-03-23 16:56:10'),
(254, 4, 'Mr. Clair Ankunding', 'Ab et voluptas architecto voluptatem. Occaecati fugiat et ipsa itaque nulla quia. Sunt qui perspiciatis recusandae.', 2, '2018-03-23 16:56:10', '2018-03-23 16:56:10'),
(255, 36, 'Anjali Prohaska', 'Est laudantium officia natus et. Et quasi quasi consequatur fuga. Quasi eius ducimus non vel est. Minima omnis totam voluptatum vel at modi minus laudantium.', 2, '2018-03-23 16:56:10', '2018-03-23 16:56:10'),
(256, 39, 'Maritza Grant', 'Debitis consequatur nihil rerum harum corporis aut. Sed aperiam illum voluptatum nulla vero. Expedita minima officiis et facilis accusamus et qui. Dolore aut quo eaque est.', 1, '2018-03-23 16:56:10', '2018-03-23 16:56:10'),
(257, 40, 'Dagmar Renner', 'Libero dolor fugiat non minima libero. Fugiat aut sequi esse cupiditate quia nihil. Modi provident ex enim dolorem quo. Alias nihil mollitia sint esse ea eos.', 4, '2018-03-23 16:56:10', '2018-03-23 16:56:10'),
(258, 18, 'Mr. Deangelo Wuckert II', 'Nihil non consequatur voluptatum veniam temporibus eaque. Accusamus recusandae aut corporis.', 1, '2018-03-23 16:56:10', '2018-03-23 16:56:10'),
(259, 38, 'Evie Effertz DVM', 'Amet laborum fugit quam autem velit et. Quasi veniam recusandae atque eius.', 5, '2018-03-23 16:56:10', '2018-03-23 16:56:10'),
(260, 5, 'Otilia Carter', 'Et ad error vitae asperiores enim accusamus. Dolores sed ipsa voluptatem laboriosam minus qui deserunt. Non dolor atque sapiente et reprehenderit.', 3, '2018-03-23 16:56:10', '2018-03-23 16:56:10'),
(261, 29, 'Sid Heidenreich', 'Nisi quia eaque ea. Modi libero voluptatem quidem perferendis est porro fugit. Voluptatem adipisci quia beatae velit repudiandae dignissimos in. Doloribus rerum quo omnis eos esse magnam repellendus. Natus esse libero dolorum enim dicta corporis.', 2, '2018-03-23 16:56:10', '2018-03-23 16:56:10'),
(262, 29, 'Roman Stanton Jr.', 'Veniam earum quod ad ab harum atque mollitia. Quis doloremque quasi saepe ipsa esse non quod.', 3, '2018-03-23 16:56:10', '2018-03-23 16:56:10'),
(263, 27, 'Mrs. Maria Kutch Sr.', 'Voluptas vitae non dolorem quo deserunt ipsam. Eos rem qui hic aut quaerat eaque quae. Libero minus veniam enim pariatur consectetur et consequatur. Eum ut vero dolores ratione veniam repudiandae nostrum quaerat. Cum voluptatum est similique excepturi dicta.', 3, '2018-03-23 16:56:10', '2018-03-23 16:56:10'),
(264, 6, 'Dr. Florence Cruickshank', 'Maiores perferendis tempore ut unde ut ut. Distinctio delectus praesentium voluptatem et iure minima in. Cumque pariatur corrupti tenetur nulla. Ex ea suscipit veritatis et quo.', 2, '2018-03-23 16:56:10', '2018-03-23 16:56:10'),
(265, 25, 'Miss Meghan Grady III', 'Et eaque facilis ipsam dolor commodi qui quae. Facilis est reiciendis mollitia ipsum quo laboriosam aut. Doloremque deleniti dolorem enim magnam corrupti et. Quo repellat quos molestiae praesentium qui et sit repudiandae. Porro quae deserunt qui.', 3, '2018-03-23 16:56:10', '2018-03-23 16:56:10'),
(266, 50, 'Mr. Llewellyn Feest', 'Fuga porro nam itaque et possimus est. Velit perspiciatis inventore rerum maiores in. Fuga cumque nam repudiandae aut cupiditate doloribus quia.', 3, '2018-03-23 16:56:10', '2018-03-23 16:56:10'),
(267, 22, 'Jasen Hegmann', 'Dignissimos et sit aut veniam sit. Aut et nulla distinctio omnis voluptas quam et. Iure ducimus sed earum dolorem ipsum voluptates.', 5, '2018-03-23 16:56:10', '2018-03-23 16:56:10'),
(268, 3, 'Prof. Brandy Weber', 'Et ipsa eum animi necessitatibus aut. Voluptatum perferendis vel ea quis. Adipisci animi sunt voluptate.', 3, '2018-03-23 16:56:10', '2018-03-23 16:56:10'),
(269, 50, 'Gage Roob', 'Eaque dolores sed non aut. Dolores laborum distinctio nulla ut placeat.', 4, '2018-03-23 16:56:11', '2018-03-23 16:56:11'),
(270, 49, 'Mr. Selmer Bartoletti', 'Eum est aperiam doloremque qui. Sequi perspiciatis accusamus aut impedit. Ut sed ut explicabo. Beatae quia dolores magnam animi cupiditate eveniet.', 5, '2018-03-23 16:56:11', '2018-03-23 16:56:11'),
(271, 17, 'Miss Lou Toy', 'Et quos rem minima eaque consequatur. Hic et quae voluptatem animi similique modi eveniet. Ut exercitationem magnam animi labore ut totam dicta accusamus.', 0, '2018-03-23 16:56:11', '2018-03-23 16:56:11'),
(272, 23, 'Avery Walker', 'Ex molestiae veniam aliquam perferendis amet. Qui id dolore commodi sapiente inventore ipsa sint. Reprehenderit rerum doloribus cupiditate eligendi reprehenderit et porro velit. Harum aut qui et magni et voluptatibus ut.', 0, '2018-03-23 16:56:11', '2018-03-23 16:56:11'),
(273, 41, 'Cassidy Huels', 'Sint et corrupti quidem voluptatum. Tenetur similique sapiente soluta aut aut labore. Quia mollitia ullam assumenda quia doloribus. Aspernatur nostrum ex sint incidunt. Nulla quasi porro alias qui et dignissimos eaque.', 4, '2018-03-23 16:56:11', '2018-03-23 16:56:11'),
(274, 50, 'Prof. Kiera Mitchell', 'Ratione a doloremque voluptates porro explicabo sint excepturi. Voluptatem sint qui aut. Facere voluptas impedit necessitatibus omnis quis.', 0, '2018-03-23 16:56:11', '2018-03-23 16:56:11'),
(275, 31, 'Einar Durgan', 'Veniam dolores illum veritatis voluptatum. Veritatis ipsa sint quod officiis ex quam. Illum quidem ut cupiditate accusamus voluptatibus. Et ut quisquam dolores. Et et sint consectetur nobis quisquam voluptas at.', 0, '2018-03-23 16:56:11', '2018-03-23 16:56:11'),
(276, 16, 'Gracie Hickle', 'Quod vel magnam sit. Occaecati rerum culpa illum incidunt quia. Rerum omnis facilis ipsa ducimus nihil. Quidem sed qui sequi dolores.', 3, '2018-03-23 16:56:11', '2018-03-23 16:56:11'),
(277, 17, 'Prof. Emiliano Price', 'Aut et ipsam corporis quas nisi impedit. Doloribus et laudantium minus saepe eaque. Quo at id libero voluptatum. Ducimus quis recusandae vero in enim eveniet.', 5, '2018-03-23 16:56:11', '2018-03-23 16:56:11'),
(278, 16, 'Jenifer Goldner', 'Dolorem libero et sit sint ea aperiam laboriosam. Maiores et est maiores autem. Neque occaecati dolor praesentium et quidem.', 5, '2018-03-23 16:56:11', '2018-03-23 16:56:11'),
(279, 3, 'Orlo Koch II', 'Cupiditate necessitatibus fugiat quam consectetur officiis. In quam qui omnis magnam in ea totam. Ipsa quasi quis quis saepe earum vero voluptas.', 2, '2018-03-23 16:56:11', '2018-03-23 16:56:11'),
(280, 27, 'Marquis Lang', 'Sed vel est voluptatibus sed. Consequatur dolores dolor totam. Asperiores natus facilis voluptas et non.', 4, '2018-03-23 16:56:11', '2018-03-23 16:56:11'),
(281, 4, 'Elisha Kilback', 'Beatae cum porro necessitatibus aut. Eligendi qui officia excepturi voluptas in enim ut.', 4, '2018-03-23 16:56:11', '2018-03-23 16:56:11'),
(282, 1, 'Axel Kerluke', 'Voluptate omnis sint ducimus doloremque ut dolores est. Facilis ab perferendis optio. Fugit aut quos ducimus asperiores id esse sed.', 3, '2018-03-23 16:56:11', '2018-03-23 16:56:11'),
(283, 26, 'Wilber Harber', 'Eos quaerat autem iste repellat voluptates beatae. Doloribus molestiae occaecati quam autem odio repellat expedita. Et qui natus est voluptatem earum asperiores nobis. Magni suscipit voluptatem porro non non qui esse.', 3, '2018-03-23 16:56:11', '2018-03-23 16:56:11'),
(284, 48, 'Prof. Eldred Herman DDS', 'Recusandae ipsam aut quia vitae doloribus. Dignissimos pariatur non quia quod numquam inventore blanditiis. Laboriosam ab enim magni voluptas.', 3, '2018-03-23 16:56:11', '2018-03-23 16:56:11'),
(285, 37, 'Prince Barrows PhD', 'Consequatur reiciendis qui quia iure. Dolorum exercitationem deserunt nihil vero aspernatur. Et unde voluptate mollitia aut et quia cum.', 3, '2018-03-23 16:56:11', '2018-03-23 16:56:11'),
(286, 17, 'Marc Cassin', 'Repellat voluptatem beatae molestias corrupti at sint. Maxime et qui neque et facilis magni qui voluptatem.', 2, '2018-03-23 16:56:11', '2018-03-23 16:56:11'),
(287, 43, 'Trace Farrell', 'Nihil reprehenderit voluptates eligendi ducimus est. Architecto commodi hic maxime enim. Ea maxime nostrum vel mollitia ipsam molestiae dolor.', 4, '2018-03-23 16:56:11', '2018-03-23 16:56:11'),
(288, 38, 'Mr. Brook Beer', 'Minima adipisci omnis omnis ipsa. Doloribus placeat voluptatem beatae et est. Voluptates est est est temporibus doloribus debitis ipsum ducimus. Vitae ducimus consequatur qui qui ullam.', 2, '2018-03-23 16:56:11', '2018-03-23 16:56:11'),
(289, 37, 'Santina Feeney', 'Sequi quas in necessitatibus placeat tempore. Recusandae architecto dolores et eos sapiente quo sed. Voluptas et fuga et est commodi quasi est iste. Omnis eos doloremque enim sit ut voluptates.', 0, '2018-03-23 16:56:11', '2018-03-23 16:56:11'),
(290, 45, 'Brian Cruickshank', 'Deserunt voluptas qui sed minus quibusdam nobis perferendis consectetur. Nulla non sit consequatur culpa quas fugit voluptate. Odio iste iusto magni eligendi voluptate vel enim. Dicta commodi ullam autem quos qui neque.', 2, '2018-03-23 16:56:11', '2018-03-23 16:56:11'),
(291, 34, 'Clemens Runolfsdottir', 'Et voluptatibus vel voluptatem quia beatae at at. Numquam temporibus fugit delectus veritatis amet cum. Explicabo quo autem voluptas rerum amet.', 4, '2018-03-23 16:56:11', '2018-03-23 16:56:11'),
(292, 8, 'Ariel McLaughlin', 'Nihil quibusdam quo non ut. Nobis itaque quo maiores libero quia. Repellendus eaque at et consectetur est ut. Consequatur distinctio aut ad inventore praesentium.', 1, '2018-03-23 16:56:11', '2018-03-23 16:56:11'),
(293, 19, 'Alanis Rogahn', 'Illo in voluptatem repellendus ut exercitationem sed sed. Nobis dolores doloremque ducimus similique harum. Impedit eos doloremque aliquid aut numquam ipsa. Quia eos et nobis voluptatem eos dolore dicta. Reiciendis similique molestiae similique iusto quam labore.', 3, '2018-03-23 16:56:11', '2018-03-23 16:56:11'),
(294, 23, 'Rosina Goodwin', 'Sed magnam deserunt quis deleniti non dolores sint. Natus velit perspiciatis porro. Accusamus quo perspiciatis placeat distinctio. Et itaque cumque aut dolor aut qui aut.', 4, '2018-03-23 16:56:11', '2018-03-23 16:56:11'),
(295, 42, 'Prof. Harold Reinger', 'Est ut occaecati accusantium excepturi minus ut. Rem sunt et magnam numquam suscipit libero odit tenetur. Ipsa aut quibusdam suscipit. Cupiditate voluptas laborum corrupti minima ullam.', 5, '2018-03-23 16:56:11', '2018-03-23 16:56:11'),
(296, 11, 'Rhoda Rutherford', 'Aut voluptas possimus ab. Eligendi deleniti et magni ab enim vel perspiciatis. Sit saepe aliquam velit quae aut culpa. Autem in voluptatem aliquid dolor.', 0, '2018-03-23 16:56:11', '2018-03-23 16:56:11'),
(297, 32, 'Elliot O\'Connell', 'Maiores consequatur vero sit. Temporibus consequatur dolorem officiis qui odit ipsam. Et laborum totam odio ipsa nesciunt autem. Hic aut quis tenetur consequatur.', 3, '2018-03-23 16:56:11', '2018-03-23 16:56:11'),
(298, 36, 'Ofelia Schmitt', 'Soluta voluptate minima autem sit et. Cupiditate voluptatibus qui et eveniet reprehenderit. Quia earum consequuntur quia sit. Quis unde commodi aspernatur odit doloremque doloribus.', 4, '2018-03-23 16:56:11', '2018-03-23 16:56:11'),
(299, 39, 'Mireille Bogan', 'Placeat explicabo ratione et consequuntur explicabo. Inventore perspiciatis eligendi et ea tempore magnam. Ex non eveniet quis quod itaque. Aperiam possimus molestiae vero vero est excepturi eveniet.', 1, '2018-03-23 16:56:11', '2018-03-23 16:56:11'),
(300, 34, 'Tobin Sporer', 'Et deleniti inventore placeat alias. Harum et aut iste et magnam nihil. Molestias et et voluptas enim maiores. Ut voluptate facilis rerum enim.', 0, '2018-03-23 16:56:11', '2018-03-23 16:56:11');

-- --------------------------------------------------------

--
-- Table structure for table `users`
--

CREATE TABLE `users` (
  `id` int(10) UNSIGNED NOT NULL,
  `name` varchar(191) COLLATE utf8mb4_unicode_ci NOT NULL,
  `email` varchar(191) COLLATE utf8mb4_unicode_ci NOT NULL,
  `password` varchar(191) COLLATE utf8mb4_unicode_ci NOT NULL,
  `remember_token` varchar(100) COLLATE utf8mb4_unicode_ci DEFAULT NULL,
  `created_at` timestamp NULL DEFAULT NULL,
  `updated_at` timestamp NULL DEFAULT NULL
) ENGINE=InnoDB DEFAULT CHARSET=utf8mb4 COLLATE=utf8mb4_unicode_ci;

--
-- Dumping data for table `users`
--

INSERT INTO `users` (`id`, `name`, `email`, `password`, `remember_token`, `created_at`, `updated_at`) VALUES
(1, 'moon-demo', 'demo@moon.com', '$2y$10$3dIMU5ugs0ORL7pPZOgZuO/AVTq7KNbNeBlSbW.k1Md2zJXOOfhMK', NULL, '2018-03-24 12:53:36', '2018-03-24 12:53:36');

--
-- Indexes for dumped tables
--

--
-- Indexes for table `migrations`
--
ALTER TABLE `migrations`
  ADD PRIMARY KEY (`id`);

--
-- Indexes for table `oauth_access_tokens`
--
ALTER TABLE `oauth_access_tokens`
  ADD PRIMARY KEY (`id`),
  ADD KEY `oauth_access_tokens_user_id_index` (`user_id`);

--
-- Indexes for table `oauth_auth_codes`
--
ALTER TABLE `oauth_auth_codes`
  ADD PRIMARY KEY (`id`);

--
-- Indexes for table `oauth_clients`
--
ALTER TABLE `oauth_clients`
  ADD PRIMARY KEY (`id`),
  ADD KEY `oauth_clients_user_id_index` (`user_id`);

--
-- Indexes for table `oauth_personal_access_clients`
--
ALTER TABLE `oauth_personal_access_clients`
  ADD PRIMARY KEY (`id`),
  ADD KEY `oauth_personal_access_clients_client_id_index` (`client_id`);

--
-- Indexes for table `oauth_refresh_tokens`
--
ALTER TABLE `oauth_refresh_tokens`
  ADD PRIMARY KEY (`id`),
  ADD KEY `oauth_refresh_tokens_access_token_id_index` (`access_token_id`);

--
-- Indexes for table `password_resets`
--
ALTER TABLE `password_resets`
  ADD KEY `password_resets_email_index` (`email`);

--
-- Indexes for table `products`
--
ALTER TABLE `products`
  ADD PRIMARY KEY (`id`);

--
-- Indexes for table `reviews`
--
ALTER TABLE `reviews`
  ADD PRIMARY KEY (`id`),
  ADD KEY `reviews_product_id_index` (`product_id`);

--
-- Indexes for table `users`
--
ALTER TABLE `users`
  ADD PRIMARY KEY (`id`),
  ADD UNIQUE KEY `users_email_unique` (`email`);

--
-- AUTO_INCREMENT for dumped tables
--

--
-- AUTO_INCREMENT for table `migrations`
--
ALTER TABLE `migrations`
  MODIFY `id` int(10) UNSIGNED NOT NULL AUTO_INCREMENT, AUTO_INCREMENT=10;

--
-- AUTO_INCREMENT for table `oauth_clients`
--
ALTER TABLE `oauth_clients`
  MODIFY `id` int(10) UNSIGNED NOT NULL AUTO_INCREMENT, AUTO_INCREMENT=3;

--
-- AUTO_INCREMENT for table `oauth_personal_access_clients`
--
ALTER TABLE `oauth_personal_access_clients`
  MODIFY `id` int(10) UNSIGNED NOT NULL AUTO_INCREMENT, AUTO_INCREMENT=2;

--
-- AUTO_INCREMENT for table `products`
--
ALTER TABLE `products`
  MODIFY `id` int(10) UNSIGNED NOT NULL AUTO_INCREMENT, AUTO_INCREMENT=51;

--
-- AUTO_INCREMENT for table `reviews`
--
ALTER TABLE `reviews`
  MODIFY `id` int(10) UNSIGNED NOT NULL AUTO_INCREMENT, AUTO_INCREMENT=301;

--
-- AUTO_INCREMENT for table `users`
--
ALTER TABLE `users`
  MODIFY `id` int(10) UNSIGNED NOT NULL AUTO_INCREMENT, AUTO_INCREMENT=2;

--
-- Constraints for dumped tables
--

--
-- Constraints for table `reviews`
--
ALTER TABLE `reviews`
  ADD CONSTRAINT `reviews_product_id_foreign` FOREIGN KEY (`product_id`) REFERENCES `products` (`id`) ON DELETE CASCADE;
COMMIT;

/*!40101 SET CHARACTER_SET_CLIENT=@OLD_CHARACTER_SET_CLIENT */;
/*!40101 SET CHARACTER_SET_RESULTS=@OLD_CHARACTER_SET_RESULTS */;
/*!40101 SET COLLATION_CONNECTION=@OLD_COLLATION_CONNECTION */;
